date,users,users_estimated,users_source,new_users,dau,posters,likers,followers,blockers,posts,likes,follows,blocks,flags
2022-11-17,5,false,commons,,,,,,,,,,,
2022-11-18,10,false,commons,5,,,,,,,,,,
2022-11-19,10,true,interp,0,,,,,,,,,,
2022-11-20,11,true,interp,1,,,,,,,,,,
2022-11-21,11,true,interp,0,,,,,,,,,,
2022-11-22,11,false,commons,0,,,,,,,,,,
2022-11-23,16,false,commons,5,,,,,,,,,,
2022-11-24,17,false,commons,1,,,,,,,,,,
2022-11-25,18,false,commons,1,,,,,,,,,,
2022-11-26,20,false,commons,2,,,,,,,,,,
2022-11-27,21,true,interp,1,,,,,,,,,,
2022-11-28,21,false,commons,0,,,,,,,,,,
2022-11-29,23,false,commons,2,,,,,,,,,,
2022-11-30,32,false,commons,9,,,,,,,,,,
2022-12-01,34,false,commons,2,,,,,,,,,,
2022-12-02,34,true,interp,0,,,,,,,,,,
2022-12-03,34,true,interp,0,,,,,,,,,,
2022-12-04,35,true,interp,1,,,,,,,,,,
2022-12-05,35,true,interp,0,,,,,,,,,,
2022-12-06,35,false,commons,0,,,,,,,,,,
2022-12-07,43,false,commons,8,,,,,,,,,,
2022-12-08,43,true,interp,0,,,,,,,,,,
2022-12-09,44,true,interp,1,,,,,,,,,,
2022-12-10,44,true,interp,0,,,,,,,,,,
2022-12-11,44,false,commons,0,,,,,,,,,,
2022-12-12,45,true,interp,1,,,,,,,,,,
2022-12-13,46,true,interp,1,,,,,,,,,,
2022-12-14,47,false,commons,1,,,,,,,,,,
2022-12-15,51,false,commons,4,,,,,,,,,,
2022-12-16,54,false,commons,3,,,,,,,,,,
2022-12-17,55,false,commons,1,,,,,,,,,,
2022-12-18,60,false,commons,5,,,,,,,,,,
2022-12-19,61,false,commons,1,,,,,,,,,,
2022-12-20,61,true,interp,0,,,,,,,,,,
2022-12-21,61,true,interp,0,,,,,,,,,,
2022-12-22,61,true,interp,0,,,,,,,,,,
2022-12-23,62,true,interp,1,,,,,,,,,,
2022-12-24,62,true,interp,0,,,,,,,,,,
2022-12-25,62,true,interp,0,,,,,,,,,,
2022-12-26,62,false,commons,0,,,,,,,,,,
2022-12-27,63,true,interp,1,,,,,,,,,,
2022-12-28,63,false,commons,0,,,,,,,,,,
2022-12-29,63,true,interp,0,,,,,,,,,,
2022-12-30,63,true,interp,0,,,,,,,,,,
2022-12-31,64,true,interp,1,,,,,,,,,,
2023-01-01,64,true,interp,0,,,,,,,,,,
2023-01-02,64,false,commons,0,,,,,,,,,,
2023-01-03,68,true,interp,4,,,,,,,,,,
2023-01-04,71,false,commons,3,,,,,,,,,,
2023-01-05,74,false,commons,3,,,,,,,,,,
2023-01-06,74,true,interp,0,,,,,,,,,,
2023-01-07,75,true,interp,1,,,,,,,,,,
2023-01-08,75,false,commons,0,,,,,,,,,,
2023-01-09,75,true,interp,0,,,,,,,,,,
2023-01-10,75,true,interp,0,,,,,,,,,,
2023-01-11,75,true,interp,0,,,,,,,,,,
2023-01-12,76,true,interp,1,,,,,,,,,,
2023-01-13,76,true,interp,0,,,,,,,,,,
2023-01-14,76,true,interp,0,,,,,,,,,,
2023-01-15,76,false,commons,0,,,,,,,,,,
2023-01-16,79,false,commons,3,,,,,,,,,,
2023-01-17,83,false,commons,4,,,,,,,,,,
2023-01-18,90,false,commons,7,,,,,,,,,,
2023-01-19,102,false,commons,12,,,,,,,,,,
2023-01-20,110,false,commons,8,,,,,,,,,,
2023-01-21,124,false,commons,14,,,,,,,,,,
2023-01-22,129,false,commons,5,,,,,,,,,,
2023-01-23,138,false,commons,9,,,,,,,,,,
2023-01-24,150,false,commons,12,,,,,,,,,,
2023-01-25,162,false,commons,12,,,,,,,,,,
2023-01-26,171,false,commons,9,,,,,,,,,,
2023-01-27,176,false,commons,5,,,,,,,,,,
2023-01-28,186,false,commons,10,,,,,,,,,,
2023-01-29,195,false,commons,9,,,,,,,,,,
2023-01-30,196,false,commons,1,,,,,,,,,,
2023-01-31,200,false,commons,4,,,,,,,,,,
2023-02-01,204,false,commons,4,,,,,,,,,,
2023-02-02,208,false,commons,4,,,,,,,,,,
2023-02-03,228,false,commons,20,,,,,,,,,,
2023-02-04,251,false,commons,23,,,,,,,,,,
2023-02-05,259,false,commons,8,,,,,,,,,,
2023-02-06,262,false,commons,3,,,,,,,,,,
2023-02-07,271,false,commons,9,,,,,,,,,,
2023-02-08,272,false,commons,1,,,,,,,,,,
2023-02-09,274,false,commons,2,,,,,,,,,,
2023-02-10,275,false,commons,1,,,,,,,,,,
2023-02-11,277,false,commons,2,,,,,,,,,,
2023-02-12,279,false,commons,2,,,,,,,,,,
2023-02-13,282,false,commons,3,,,,,,,,,,
2023-02-14,286,true,interp,4,,,,,,,,,,
2023-02-15,289,false,commons,3,,,,,,,,,,
2023-02-16,311,false,commons,22,,,,,,,,,,
2023-02-17,320,false,commons,9,,,,,,,,,,
2023-02-18,333,false,commons,13,,,,,,,,,,
2023-02-19,339,false,commons,6,,,,,,,,,,
2023-02-20,342,false,commons,3,,,,,,,,,,
2023-02-21,346,false,commons,4,,,,,,,,,,
2023-02-22,356,false,commons,10,,,,,,,,,,
2023-02-23,399,false,commons,43,,,,,,,,,,
2023-02-24,432,false,commons,33,,,,,,,,,,
2023-02-25,480,false,commons,48,,,,,,,,,,
2023-02-26,489,false,commons,9,,,,,,,,,,
2023-02-27,589,false,commons,100,,,,,,,,,,
2023-02-28,657,false,commons,68,,,,,,,,,,
2023-03-01,1037,false,commons,380,421,406,320,421,7,2068,3175,5428,1699,blockers
2023-03-02,1387,false,commons,350,547,508,454,547,7,4045,7204,7228,1466,blockers
2023-03-03,1814,false,commons,427,706,651,578,706,5,5674,9749,11989,1749,blockers
2023-03-04,2175,false,commons,361,795,784,697,795,5,7878,13992,16574,1510,blockers
2023-03-05,2326,false,commons,151,649,649,608,611,5,6881,13548,7669,614,blockers
2023-03-06,2590,false,commons,264,738,738,707,671,5,7219,13780,8224,1125,blockers
2023-03-07,3012,false,commons,422,885,885,840,860,5,8140,16138,12070,1755,blockers
2023-03-08,3321,false,commons,309,871,871,856,845,4,6237,11896,10815,1252,blockers
2023-03-09,3530,false,commons,209,823,794,796,823,4,6521,12424,7673,864,blockers
2023-03-10,3650,false,commons,120,715,715,709,616,4,4782,9584,4016,488,blockers
2023-03-11,3738,false,commons,88,609,578,609,448,4,3889,7536,3458,436,blockers
2023-03-12,3817,false,commons,79,581,552,581,409,4,3509,6358,4124,316,blockers
2023-03-13,3958,false,commons,141,577,577,556,456,4,3713,6343,4098,648,blockers
2023-03-14,4040,false,commons,82,577,577,552,382,4,3083,5741,1894,348,blockers
2023-03-15,4175,false,commons,135,587,587,586,385,4,3626,6506,2845,552,blockers
2023-03-16,4276,false,commons,101,549,538,549,367,4,2755,5193,1909,424,blockers
2023-03-17,4360,false,commons,84,520,512,520,324,4,2463,4789,4148,364,blockers
2023-03-18,4480,false,commons,120,474,454,474,309,4,2588,5313,1396,520,blockers
2023-03-19,4542,false,commons,62,433,413,433,231,4,2270,4655,987,372,blockers
2023-03-20,4582,false,commons,40,455,438,455,252,4,2222,4059,1646,256,blockers
2023-03-21,4677,false,commons,95,542,542,516,382,4,3159,5187,3233,488,blockers
2023-03-22,4769,false,commons,92,579,579,561,479,4,3177,5474,3245,468,blockers
2023-03-23,4808,false,commons,39,537,481,537,360,4,2488,4607,1344,200,blockers
2023-03-24,4835,false,commons,27,495,490,495,255,4,2533,4232,933,144,blockers
2023-03-25,4962,false,commons,127,441,441,435,253,4,1940,3347,1065,536,blockers
2023-03-26,5118,false,commons,156,456,452,456,263,4,2071,3510,1577,612,blockers
2023-03-27,5271,false,commons,153,513,513,486,330,3,2122,3658,1939,477,blockers
2023-03-28,5378,false,commons,107,588,584,588,412,3,2587,4736,1817,351,blockers
2023-03-29,5439,false,commons,61,554,536,554,345,3,2138,4613,2478,198,blockers
2023-03-30,5496,false,commons,57,494,486,494,325,3,1991,3848,1136,192,blockers
2023-03-31,5529,false,commons,33,469,439,469,232,3,1612,3141,855,150,blockers
2023-04-01,5557,false,commons,28,456,441,456,234,3,1838,3776,1426,99,blockers
2023-04-02,5578,false,commons,21,431,413,431,194,3,1963,3752,653,72,blockers
2023-04-03,5591,false,commons,13,462,462,441,201,3,2032,3349,660,81,blockers
2023-04-04,5605,false,commons,14,435,435,416,184,3,2198,4078,429,303,blockers
2023-04-05,5689,false,commons,84,459,447,459,222,3,2015,3528,1349,360,blockers
2023-04-06,8638,false,commons,2949,3063,2616,2339,3063,3,16972,38056,43394,9132,blockers
2023-04-07,9721,false,commons,1083,2611,2327,2371,2611,3,12918,34031,31715,3453,blockers
2023-04-08,10692,false,commons,971,2361,2155,2305,2361,3,12273,30602,20651,3246,blockers
2023-04-09,11362,false,commons,670,2203,2117,2203,2060,3,12431,34880,27778,2562,blockers
2023-04-10,12631,false,commons,1269,2943,2793,2925,2943,3,26762,95621,55213,4020,blockers
2023-04-11,16742,false,commons,4111,4983,4438,4254,4983,3,34989,108747,67502,13827,blockers
2023-04-12,18918,false,commons,2176,5870,5084,5089,5870,3,40355,118354,81798,6663,blockers
2023-04-13,20113,false,commons,1195,5362,4807,5026,5362,3,36523,100130,115109,3672,blockers
2023-04-14,20879,false,commons,766,4752,4486,4752,4509,3,32534,83786,47630,2361,blockers
2023-04-15,22430,false,commons,1551,4750,4393,4750,4615,3,63701,72711,44924,4791,blockers
2023-04-16,22915,false,commons,485,4400,3944,4400,3821,3,24363,62499,58266,1524,blockers
2023-04-17,23467,false,commons,552,4400,4042,4400,3558,3,24782,64232,78769,1776,blockers
2023-04-18,24767,false,commons,1300,4542,4389,4542,3913,3,28490,70247,74001,4317,blockers
2023-04-19,27032,false,commons,2265,6322,5995,6322,5927,3,50511,135689,114423,7074,blockers
2023-04-20,29214,false,commons,2182,7482,7206,7445,7482,3,49346,125046,93363,6864,blockers
2023-04-21,31143,false,commons,1929,8078,7660,8078,8007,3,61613,143958,103527,6057,blockers
2023-04-22,32424,false,commons,1281,7855,7260,7855,7392,3,50095,118791,99340,6561,blockers
2023-04-23,33812,false,commons,1388,8114,7569,8114,7692,3,51458,126281,96922,15891,blockers
2023-04-24,36111,false,commons,2299,10299,9142,9751,10299,3,68672,175535,175997,7011,blockers
2023-04-25,38685,false,commons,2574,11366,10150,10898,11366,3,80597,196014,169671,7929,blockers
2023-04-26,41019,false,commons,2334,11862,10789,11465,11862,3,88176,214122,189091,7179,blockers
2023-04-27,44898,false,commons,3879,15384,13239,14261,15384,3,116609,334602,240041,11871,blockers
2023-04-28,47857,false,commons,2959,16830,14733,16017,16830,3,150142,454784,381636,9018,blockers
2023-04-29,49482,false,commons,1625,14770,13116,14770,14481,483,137967,436643,182418,8372,blockers
2023-04-30,50889,false,commons,1407,14466,12542,14466,13496,677,117628,434410,176748,7105,
2023-05-01,53005,false,commons,2116,15054,13300,15054,14336,449,117609,376551,202937,9010,blockers
2023-05-02,55407,false,commons,2402,15508,13811,15508,14785,656,117964,357060,226000,12789,
2023-05-03,57866,false,commons,2459,16068,14324,16068,15506,1139,128078,396030,166340,14382,
2023-05-04,60682,false,commons,2816,16493,14897,16493,15733,2111,124239,399756,163611,18831,
2023-05-05,62957,false,commons,2275,16378,14516,16378,15157,1318,119033,371812,173092,12468,
2023-05-06,64488,false,commons,1531,15009,12888,15009,12919,815,108745,337177,129409,6961,
2023-05-07,65603,false,commons,1115,14482,12268,14482,11907,1176,93271,298066,133737,6761,
2023-05-08,66991,false,commons,1388,14967,13134,14967,12846,1502,96401,303734,133305,10508,
2023-05-09,68692,false,commons,1701,15610,13944,15610,13681,1270,104604,343952,186203,9366,
2023-05-10,70405,false,commons,1713,15964,14262,15964,13922,1222,103561,323599,129782,9851,
2023-05-11,72024,false,commons,1619,15791,14002,15791,13556,857,101073,308110,100699,11493,
2023-05-12,74092,false,commons,2068,16223,14297,16223,14079,1145,108921,327880,115049,9527,
2023-05-13,75707,false,commons,1615,15566,13418,15566,13357,1319,107121,333998,99574,9024,
2023-05-14,76753,false,commons,1046,14622,12288,14622,11119,1690,91541,304770,72893,10307,
2023-05-15,78369,false,commons,1616,15299,13302,15299,12228,1476,95702,305322,102098,10661,
2023-05-16,79726,false,commons,1357,15737,13590,15737,12896,1043,103171,324479,88620,6909,
2023-05-17,81022,false,commons,1296,15898,13889,15898,12895,805,107429,354783,75122,5697,
2023-05-18,82391,false,commons,1369,15606,13623,15606,12583,818,102766,323598,71789,6560,
2023-05-19,83675,false,commons,1284,15166,13198,15166,12105,1076,101383,308466,78453,8814,
2023-05-20,84743,false,commons,1068,14227,12101,14227,10229,619,88436,269178,64007,4621,
2023-05-21,85637,false,commons,894,13999,11637,13999,9846,1074,87009,272273,71711,4812,
2023-05-22,86684,false,commons,1047,14215,12305,14215,10230,1464,88234,267942,56894,7953,
2023-05-23,87947,false,commons,1263,14445,12504,14445,10366,1179,88338,257361,51197,7676,
2023-05-24,89557,false,commons,1610,14739,12762,14739,11232,919,91412,270077,56243,7850,
2023-05-25,91497,false,commons,1940,14602,12658,14602,11210,773,92498,268093,54653,7779,
2023-05-26,93535,false,commons,2038,14771,12893,14771,11700,857,97486,280144,60725,8521,
2023-05-27,95253,false,commons,1718,14570,12216,14570,11214,1185,87706,274441,57323,9465,
2023-05-28,96773,false,commons,1520,13950,11700,13950,10174,1165,83589,260665,51618,8624,
2023-05-29,98251,false,commons,1478,13994,11610,13994,9823,697,78662,253602,45641,6292,
2023-05-30,99987,false,commons,1736,14909,12725,14909,11390,790,89872,276644,61183,11513,
2023-05-31,101338,false,commons,1351,15200,13065,15200,11450,1180,94413,312607,55031,6882,
2023-06-01,102654,false,commons,1316,15205,12963,15205,10891,583,87921,278048,53680,5486,
2023-06-02,104158,false,commons,1504,15013,12959,15013,11045,468,88425,271501,56620,5942,
2023-06-03,105294,false,commons,1136,14368,11818,14368,9770,639,84107,263565,48228,4640,
2023-06-04,106333,false,commons,1039,14167,11616,14167,9602,645,81027,263027,45063,4298,
2023-06-05,107579,false,commons,1246,14830,12906,14830,10363,675,89055,280139,54441,28808,
2023-06-06,108848,false,commons,1269,14823,12612,14823,10350,665,86777,279441,46831,10645,
2023-06-07,110673,false,commons,1825,15434,13730,15434,11624,1089,92320,292908,58199,8067,
2023-06-08,112332,false,commons,1659,15635,13704,15635,12176,588,92290,300174,59058,6879,
2023-06-09,114476,false,commons,2144,15666,13455,15666,11896,849,93724,314024,60431,8010,
2023-06-10,116586,false,commons,2110,14982,12543,14982,10923,428,84475,280116,52989,8978,
2023-06-11,118734,false,commons,2148,14734,12356,14734,10608,642,83146,272908,53252,7863,
2023-06-12,121434,false,commons,2700,16286,13789,16286,12337,771,87000,291857,61260,9493,
2023-06-13,123227,false,commons,1793,16947,14446,16947,12552,710,102566,322086,66231,7110,
2023-06-14,126806,false,commons,3579,17721,15455,17721,15102,583,106084,338732,99182,12163,
2023-06-15,129687,false,commons,2881,17769,15595,17769,15155,836,110728,360421,95026,10419,
2023-06-16,132298,false,commons,2611,17744,15572,17744,13394,1304,113269,369031,76274,10964,
2023-06-17,134480,false,commons,2182,16840,13927,16840,11737,979,93599,332547,62108,8532,
2023-06-18,135731,false,commons,1251,16261,13384,16261,10518,776,90956,331107,50206,5361,
2023-06-19,137075,false,commons,1344,16873,14179,16873,11284,843,104255,347151,53638,5848,
2023-06-20,138298,false,commons,1223,17072,14662,17072,11314,713,105040,355151,51820,5060,
2023-06-21,141762,false,commons,3464,19904,17402,19904,16143,729,127400,437098,106309,12003,
2023-06-22,151647,false,commons,9885,31244,25028,27990,31244,3497,201078,696991,347179,34948,
2023-06-23,155776,false,commons,4129,27516,23824,27516,26578,2253,184607,629830,190460,17110,
2023-06-24,157947,false,commons,2171,25367,20732,25367,20168,1659,140463,507944,115771,8302,
2023-06-25,159946,false,commons,1999,23896,19403,23896,17927,1845,131967,473149,92364,9129,
2023-06-26,162409,false,commons,2463,25020,20915,25020,19650,1376,144076,504801,106148,7790,
2023-06-27,167285,false,commons,4876,26990,22978,26990,23084,2594,160559,550251,172965,16844,
2023-06-28,172214,false,commons,4929,27053,23222,27053,22833,1833,162111,554352,139084,14901,
2023-06-29,176846,false,commons,4632,27110,22996,27110,21559,1680,163482,548989,117796,13273,
2023-06-30,181867,false,commons,5021,28009,23898,28009,21905,2077,156146,570797,116518,14976,
2023-07-01,200827,false,commons,18960,66921,55635,59623,66921,3078,322927,1054271,749934,35352,
2023-07-02,219649,true,interp,18822,75638,59511,70719,75638,9675,486282,1778750,813044,55986,
2023-07-03,238471,false,commons,18822,103720,74115,84879,103720,7609,527532,1770563,1333551,65864,
2023-07-04,251396,false,commons,12925,92330,71239,83524,92330,11923,480832,1662427,884279,40898,
2023-07-05,259349,false,commons,7953,76538,63886,76538,75374,10001,404596,1381883,545250,31600,
2023-07-06,268928,false,commons,9579,78635,66555,78635,70691,6349,424669,1521870,439759,17625,
2023-07-07,276477,false,commons,7549,68702,56585,68702,56698,5418,356811,1267507,368585,17502,
2023-07-08,281645,false,commons,5168,61170,48805,61170,44784,3456,296941,1075749,249634,12326,
2023-07-09,284877,false,commons,3232,56990,45136,56990,38519,3108,267636,971346,207751,9971,
2023-07-10,288558,false,commons,3681,57595,46627,57595,39531,3294,279534,986218,190134,8737,
2023-07-11,292067,false,commons,3509,55746,45772,55746,37488,7354,274930,967519,183758,13277,
2023-07-12,296804,false,commons,4737,56048,45948,56048,39244,5202,288972,994443,199758,15555,
2023-07-13,302133,false,commons,5329,54632,43976,54632,39460,6317,267460,969833,190210,30162,
2023-07-14,307084,false,commons,4951,52644,41810,52644,38402,4658,259850,925080,184325,17022,
2023-07-15,310799,false,commons,3715,50114,38589,50114,32991,4936,239058,838313,149925,16358,
2023-07-16,314339,false,commons,3540,48404,37640,48404,31191,4697,246952,800975,144830,15451,
2023-07-17,318395,false,commons,4056,50599,39959,50599,33866,3349,253965,835367,161144,8374,
2023-07-18,322076,false,commons,3681,49902,39733,49902,31995,2376,262697,840809,143132,7590,
2023-07-19,325355,false,commons,3279,49900,40340,49900,31096,3567,279875,911649,131147,10775,
2023-07-20,328298,false,commons,2943,48029,38812,48029,28171,3506,254012,849676,111894,10452,
2023-07-21,332764,false,commons,4466,47551,38388,47551,27652,3296,239570,825973,118474,9554,
2023-07-22,337710,false,commons,4946,45118,35647,45118,27083,3101,214939,751554,138212,10948,
2023-07-23,344879,false,commons,7169,51953,41472,51953,38805,3506,238521,853089,201335,10789,
2023-07-24,367953,false,commons,23074,90173,71526,85628,90173,5507,404620,1456628,870745,16734,
2023-07-25,383160,false,commons,15207,92448,74466,91583,92448,4432,442361,1623689,801850,16086,
2023-07-26,391736,false,commons,8576,86410,69403,86410,74821,8542,412225,1500764,507594,19457,
2023-07-27,401711,false,commons,9975,83017,65893,83017,66651,3409,380677,1384192,413458,10013,
2023-07-28,411697,false,commons,9986,81556,65512,81556,64223,4153,380151,1348615,380169,13769,
2023-07-29,420797,false,commons,9100,79393,61367,79393,59005,3818,347978,1272488,336567,12452,
2023-07-30,430719,false,commons,9922,81092,62001,81092,61492,5755,332901,1240123,344054,17563,
2023-07-31,439198,false,commons,8479,86842,68827,86842,68417,5560,367242,1343386,380024,14100,
2023-08-01,447195,false,commons,7997,90355,72297,90355,70626,4027,401365,1419065,416817,9433,
2023-08-02,454872,false,commons,7677,90014,70945,90014,68543,3514,390690,1420447,400142,7998,
2023-08-03,469502,false,commons,14630,91368,72419,91368,73899,3622,396290,1387474,442436,11050,
2023-08-04,484070,false,commons,14568,92647,73539,92647,74157,4150,404467,1395244,459283,11671,
2023-08-05,496008,false,commons,11938,88405,67361,88405,66088,3106,347305,1223352,385172,7667,
2023-08-06,507967,false,commons,11959,87496,66241,87496,65410,3940,340022,1220257,520623,12640,
2023-08-07,521424,false,commons,13457,92558,72015,92558,71727,6859,382626,1358293,513052,23113,
2023-08-08,531986,false,commons,10562,92516,72077,92516,66805,5026,388420,1341530,395343,18043,
2023-08-09,539387,false,commons,7401,92869,71628,92869,64436,4476,401910,1392387,344666,12084,
2023-08-10,546222,false,commons,6835,92004,70965,92004,60265,4706,406677,1379146,302524,10377,
2023-08-11,552927,false,commons,6705,90526,70279,90526,59783,3711,416218,1400580,310978,11175,
2023-08-12,559759,false,commons,6832,87422,65103,87422,57000,4070,361419,1239804,327490,9299,
2023-08-13,567581,false,commons,7822,88632,65849,88632,60770,5152,360729,1250385,307917,11823,
2023-08-14,577712,false,commons,10131,96049,72657,96049,70311,4890,395139,1359318,386080,15597,
2023-08-15,587345,false,commons,9633,100577,76002,100577,72874,3764,428938,1505275,425458,9666,
2023-08-16,597619,false,commons,10274,102392,78452,102392,76605,6959,440382,1496615,407418,16299,
2023-08-17,607273,false,commons,9654,103652,78983,103652,76337,4313,451492,1561151,407560,11164,
2023-08-18,636040,false,commons,28767,118061,92114,118061,107132,7508,469528,1718732,701722,18082,
2023-08-19,654944,false,commons,18904,128889,97259,128889,120501,16863,530594,1961550,1017980,37645,
2023-08-20,666279,false,commons,11335,123378,91108,123378,100146,8408,498874,1829230,627361,21095,
2023-08-21,677758,false,commons,11479,126236,94168,126236,98100,7730,515851,1834500,575896,19937,
2023-08-22,688076,false,commons,10318,126853,94963,126853,95565,6479,527602,1869629,531300,17074,
2023-08-23,698621,false,commons,10545,127534,96353,127534,93926,5606,530474,1905573,494983,17301,
2023-08-24,718741,false,commons,20120,129314,97721,129314,98325,6548,514159,1910328,537223,16028,
2023-08-25,738193,false,commons,19452,130437,98509,130437,97631,7071,536123,2055929,515276,18190,
2023-08-26,753897,false,commons,15704,123390,89882,123390,88674,5092,471665,1768091,450866,14622,
2023-08-27,763237,false,commons,9340,121685,87164,121685,84428,6189,471879,1745433,416712,18996,
2023-08-28,773600,false,commons,10363,127963,94106,127963,89540,6318,508616,1844628,428743,19160,
2023-08-29,784464,false,commons,10864,130246,96522,130246,92672,5504,536785,1906396,472067,19969,
2023-08-30,803706,false,commons,19242,132799,99846,132799,96261,4937,548649,1931532,497413,13976,
2023-08-31,822901,false,commons,19195,132858,100218,132858,96458,6512,531228,1864824,512636,55884,
2023-09-01,841077,false,commons,18176,132383,100969,132383,94583,7893,556351,1923481,497392,55511,
2023-09-02,850866,false,commons,9789,127289,92284,127289,85933,9105,470918,1734123,435275,21870,
2023-09-03,860899,false,commons,10033,127776,90912,127776,88264,6372,451887,1771078,432037,137566,
2023-09-04,871627,false,commons,10728,131993,95157,131993,92264,6758,469122,1820295,453157,23409,
2023-09-05,883238,false,commons,11611,136473,99287,136473,96207,5018,499303,1847155,465184,46506,
2023-09-06,894014,false,commons,10776,137241,100321,137241,95464,4609,510500,1823889,445510,136226,
2023-09-07,910577,false,commons,16563,139665,101685,139665,99172,5412,516889,1881288,470860,86318,
2023-09-08,930818,false,commons,20241,142113,106431,142113,102967,6084,542495,1941484,525069,380614,
2023-09-09,949826,false,commons,19008,135652,97333,135652,94100,4609,492324,1810044,484311,177341,
2023-09-10,964057,false,commons,14231,135896,97082,135896,94400,6500,488009,1823774,505490,187886,
2023-09-11,976140,false,commons,12083,141175,102385,141175,95694,9101,511238,1921739,472521,280461,
2023-09-12,996149,false,commons,20009,147578,107768,147578,105195,6806,542784,1981154,530770,21618,
2023-09-13,1011733,false,commons,15584,148921,108927,148921,104703,5115,547042,2025689,506659,17078,
2023-09-14,1022749,false,commons,11016,146970,107516,146970,97723,4711,542358,1999834,444589,15828,
2023-09-15,1032450,false,commons,9701,143772,104923,143772,92234,5726,546780,2053535,421610,16898,
2023-09-16,1040703,false,commons,8253,138797,97106,138797,84977,5422,483093,1872355,389665,14665,
2023-09-17,1049191,false,commons,8488,137979,95206,137979,85424,7619,474054,1849764,385130,16456,
2023-09-18,1066408,false,commons,17217,157102,112465,157102,117614,6545,543797,2056108,588997,55888,
2023-09-19,1119588,false,commons,53180,237230,164681,221298,237230,8496,793538,2921984,1847393,48429,
2023-09-20,1151096,false,commons,31508,221810,160237,221810,216366,11320,802803,3007673,1583702,91948,
2023-09-21,1173578,false,commons,22482,214867,155331,214867,188359,12775,797146,2963108,1195070,54646,
2023-09-22,1192489,false,commons,18911,208602,151379,208602,169757,11107,783175,2894243,1015885,40591,
2023-09-23,1205909,false,commons,13420,193945,135306,193945,144555,7847,681967,2565890,797790,29757,
2023-09-24,1218449,false,commons,12540,191219,132167,191219,140050,12157,658020,2542326,761438,80688,
2023-09-25,1231713,false,commons,13264,197112,139598,197112,141403,10910,677089,2607348,712015,83872,
2023-09-26,1243960,false,commons,12247,196141,138614,196141,137781,9658,692268,2622522,674351,102073,
2023-09-27,1255542,false,commons,11582,195236,137320,195236,134464,9589,691123,2629165,677057,92794,
2023-09-28,1267029,false,commons,11487,194183,136863,194183,131328,8338,681753,2576048,624807,68472,
2023-09-29,1288560,false,commons,21531,208144,146960,208144,158321,7559,716636,2799510,917009,71780,
2023-09-30,1303208,false,commons,14648,197037,134539,197037,141742,8026,654232,2570706,841070,59216,
2023-10-01,1318732,false,commons,15524,201771,140500,201771,145668,9736,683548,2731503,1005595,66498,
2023-10-02,1338100,false,commons,19368,216821,152165,216821,163295,11161,751626,2972022,1207274,80675,
2023-10-03,1355993,false,commons,17893,221310,155461,221310,165571,13374,784471,3124996,1268162,102028,
2023-10-04,1371872,false,commons,15879,220079,155753,220079,160460,22583,780713,3056360,1125075,108752,
2023-10-05,1387490,false,commons,15618,220818,154477,220818,160050,14172,767260,3031604,1004110,82456,
2023-10-06,1404672,false,commons,17182,225786,158646,225786,167767,12723,796136,3096277,982600,58306,
2023-10-07,1419179,false,commons,14507,215512,144719,215512,155641,11062,709204,2862036,859479,49069,
2023-10-08,1432002,false,commons,12823,213877,141605,213877,148348,11509,685490,2864794,832469,45373,
2023-10-09,1446443,false,commons,14441,220323,148768,220323,153736,11147,721200,2925514,809553,61492,
2023-10-10,1464752,false,commons,18309,227108,155034,227108,168402,10574,763667,2967682,934290,84596,
2023-10-11,1482973,false,commons,18221,232685,159797,232685,173367,12874,796548,3059263,1012130,86499,
2023-10-12,1502252,false,commons,19279,237822,162687,237822,182400,10394,806790,3174965,1050569,78314,
2023-10-13,1522928,false,commons,20676,250161,171899,250161,195867,11123,842729,3448566,1160844,47779,
2023-10-14,1537435,false,commons,14507,231184,152855,231184,166037,11139,747415,3078167,906766,59002,
2023-10-15,1550713,false,commons,13278,226654,147204,226654,158634,12033,708126,2958912,839762,51991,
2023-10-16,1564478,false,commons,13765,232285,155424,232285,159666,10823,749427,2998642,806741,52604,
2023-10-17,1577280,false,commons,12802,229552,155309,229552,149554,10624,750793,2974926,714695,44538,
2023-10-18,1612246,false,commons,34966,269090,183852,269090,229795,12539,861248,3454845,1305190,54814,
2023-10-19,1640119,false,commons,27873,271756,183238,271756,225700,12659,875854,3411601,1226694,63726,
2023-10-20,1659872,false,commons,19753,263599,180874,263599,200512,16077,910006,3511191,1004616,203897,
2023-10-21,1674837,false,commons,14965,245520,162487,245520,171072,10905,792379,3132898,844093,89433,
2023-10-22,1688403,false,commons,13566,241623,156675,241623,162745,10076,751607,3078312,813151,64805,
2023-10-23,1703251,false,commons,14848,248440,166197,248440,167946,10190,783290,3132971,824177,52414,
2023-10-24,1718698,false,commons,15447,248299,168583,248299,165149,9667,822411,3175876,805235,52085,
2023-10-25,1732165,false,commons,13467,245043,167372,245043,157054,10196,820694,3157827,756016,41621,
2023-10-26,1744019,false,commons,11854,242605,164173,242605,150412,13621,792057,3075405,680016,49507,
2023-10-27,1755474,false,commons,11455,240418,164448,240418,146491,9920,828280,3161107,670161,42552,
2023-10-28,1766314,false,commons,10840,227365,149467,227365,133996,11786,720976,2879159,609512,95774,
2023-10-29,1779457,false,commons,13143,231877,152640,231877,141336,10708,720024,2907325,658052,91632,
2023-10-30,1793435,false,commons,13978,240221,160216,240221,150989,10809,757812,2972959,687289,46174,
2023-10-31,1805583,false,commons,12148,242167,171130,242167,139908,9184,793484,3079934,626650,41491,
2023-11-01,1817179,false,commons,11596,239087,162734,239087,138293,10655,770809,3040123,663976,37505,
2023-11-02,1830511,false,commons,13332,233738,156893,233738,138962,9716,751534,2888400,616115,39143,
2023-11-03,1844526,false,commons,14015,229846,155811,229846,133091,10304,757312,2900328,626288,40228,
2023-11-04,1857052,false,commons,12526,219692,143424,219692,122277,12882,694024,2720071,611307,62109,
2023-11-05,1869838,false,commons,12786,220446,143601,220446,123344,15549,687394,2758383,643385,54805,
2023-11-06,1884462,false,commons,14624,228962,152776,228962,129815,14916,724664,2849119,684281,49664,
2023-11-07,1898650,false,commons,14188,229745,155571,229745,130084,12657,741761,2836270,643175,37783,
2023-11-08,1910725,false,commons,12075,225811,153616,225811,122943,12965,741288,2943853,632960,30976,
2023-11-09,1928932,false,commons,18207,225927,154606,225927,126973,9808,740725,2822340,554115,27982,
2023-11-10,1947029,false,commons,18097,222716,155630,222716,125376,8828,763525,2789960,576870,19739,
2023-11-11,1966765,false,commons,19736,211036,142384,211036,115975,9920,682674,2608679,535535,30775,
2023-11-12,1986704,false,commons,19939,211961,141024,211961,118279,10785,666747,2629534,534866,33128,
2023-11-13,2004950,false,commons,18246,219134,150454,219134,122076,8973,723157,2746334,521223,27930,
2023-11-14,2015617,false,commons,10667,217215,149202,217215,113302,8274,727295,2749703,473285,24719,
2023-11-15,2031851,false,commons,16234,215051,149696,215051,110110,12265,722338,2735739,453257,38870,
2023-11-16,2048265,false,commons,16414,213137,146560,213137,113454,12077,703268,2686253,537663,41040,
2023-11-17,2059696,false,commons,11431,212077,146707,212077,107041,9614,716886,2690532,483964,24201,
2023-11-18,2078645,false,commons,18949,209226,139498,209226,119292,8995,665517,2659920,567915,19325,
2023-11-19,2097062,false,commons,18417,208848,136583,208848,119109,8867,646228,2612434,589153,22207,
2023-11-20,2117378,false,commons,20316,215738,146319,215738,121392,8393,680200,2673002,566593,21841,
2023-11-21,2137926,false,commons,20548,216587,147550,216587,123070,13730,711348,2747269,584377,31995,
2023-11-22,2151768,false,commons,13842,212376,145331,212376,112037,16671,709546,2675552,583550,56649,
2023-11-23,2166409,false,commons,14641,206277,142323,206277,100260,9118,683589,2534828,443437,19648,
2023-11-24,2182847,false,commons,16438,198759,135747,198759,96888,8010,655139,2456536,448169,16004,
2023-11-25,2198920,false,commons,16073,194771,129020,194771,96273,8815,618726,2478459,437863,20260,
2023-11-26,2212001,false,commons,13081,195771,128669,195771,97471,8794,611488,2459423,447796,21044,
2023-11-27,2222298,false,commons,10297,202363,137100,202363,102292,10926,661231,2556946,450627,26486,
2023-11-28,2245777,false,commons,23479,207020,141101,207020,113012,8663,677710,2615217,538124,19956,
2023-11-29,2268580,false,commons,22803,206229,146064,206229,109518,8589,715985,2618081,541366,19959,
2023-11-30,2280482,false,commons,11902,217211,150149,217211,106951,9012,721940,3149583,506414,20437,
2023-12-01,2311151,false,commons,30669,207168,145630,207168,113539,7778,701967,2661145,547155,17877,
2023-12-02,2333666,false,commons,22515,197601,131607,197601,102920,6454,616487,2439337,494276,13137,
2023-12-03,2358166,false,commons,24500,196303,130601,196303,103184,8511,612414,2393432,498661,19799,
2023-12-04,2382393,false,commons,24227,202938,136950,202938,106901,7459,640083,2456257,484407,17974,
2023-12-05,2392344,false,commons,9951,200561,136692,200561,94647,7410,656020,2540280,382748,20277,
2023-12-06,2412926,false,commons,20582,201642,138336,201642,99760,10283,663719,2545007,486178,26668,
2023-12-07,2435814,false,commons,22888,200141,135891,200141,98914,9398,653747,2533284,486822,24319,
2023-12-08,2458257,false,commons,22443,196232,135525,196232,96582,8132,663507,2525612,439900,22044,
2023-12-09,2478499,false,commons,20242,188666,124495,188666,91459,7038,593434,2385435,401809,30010,
2023-12-10,2487967,false,commons,9468,187701,121997,187701,87462,8190,573169,2350111,369150,29542,
2023-12-11,2497384,false,commons,9417,194030,130585,194030,91310,7758,626730,2447402,361112,31724,
2023-12-12,2505149,false,commons,7765,194579,131360,194579,86181,6856,638702,2459869,319389,30295,
2023-12-13,2523938,false,commons,18789,194608,133640,194608,91510,6332,642262,2460303,385833,24770,
2023-12-14,2532879,false,commons,8941,192175,131248,192175,84316,6940,638561,2400397,312254,30211,
2023-12-15,2547664,false,commons,14785,188117,130366,188117,82986,5696,642343,2405016,328619,26341,
2023-12-16,2565342,false,commons,17678,179969,119244,179969,79612,5717,562644,2239383,328558,27004,
2023-12-17,2585309,false,commons,19967,179806,117559,179806,82493,8360,561591,2269900,352870,33237,
2023-12-18,2607200,false,commons,21891,186696,126453,186696,86104,8292,610376,2376822,359856,28416,
2023-12-19,2637705,false,commons,30505,201778,147083,201778,107835,8877,723333,2523269,446487,34490,
2023-12-20,2654818,false,commons,17113,203900,147716,203900,101797,7454,722849,2554037,382580,59976,
2023-12-21,2686305,false,commons,31487,231236,177716,231236,131354,8130,839988,2816491,535310,42698,
2023-12-22,2704740,false,commons,18435,206521,146379,206521,97165,7193,698575,2562073,378102,28662,
2023-12-23,2730707,false,commons,25967,230083,154095,230083,109577,7810,678816,2623137,436801,33282,
2023-12-24,2752527,false,commons,21820,230623,157309,230623,97849,7191,676107,2681616,371515,27668,
2023-12-25,2768380,false,commons,15853,216879,144288,216879,81108,6123,600919,2511086,299859,25240,
2023-12-26,2787860,false,commons,19480,203863,130828,203863,88003,10395,581314,2356918,366931,33019,
2023-12-27,2801853,false,commons,13993,200038,133286,200038,87005,8881,623395,2404089,348065,28144,
2023-12-28,2815299,false,commons,13446,197245,131941,197245,85956,7287,632284,2433088,328529,22244,
2023-12-29,2831920,false,commons,16621,198208,134641,198208,88663,6835,650965,2524549,361446,23713,
2023-12-30,2851550,false,commons,19630,194843,131169,194843,91168,7502,629498,2463402,361513,47171,
2023-12-31,2869398,false,commons,17848,204374,151085,204374,89754,6869,707710,2634714,358390,24071,
2024-01-01,2889718,false,commons,20320,215092,154610,215092,91511,6573,660444,2594768,361161,20962,
2024-01-02,2902171,false,commons,12453,202243,136176,202243,94120,9969,620762,2463066,388692,29522,
2024-01-03,2915287,false,commons,13116,196445,134793,196445,89528,7589,637765,2453177,332543,24493,
2024-01-04,2925511,false,commons,10224,194638,134389,194638,84206,7854,640451,2429489,314905,21281,
2024-01-05,2934089,false,commons,8578,192501,134218,192501,79759,7732,660797,2515090,295715,22322,
2024-01-06,2941155,false,commons,7066,183926,124761,183926,71709,7307,600294,2348938,260189,24287,
2024-01-07,2960571,false,commons,19416,184838,125798,184838,77535,7451,592041,2351317,289608,23466,
2024-01-08,2990248,false,commons,29677,194810,140866,194810,91405,7825,658331,2506850,321032,33033,
2024-01-09,3008387,false,commons,18139,198292,143453,198292,96435,7891,679994,2486521,341310,26771,
2024-01-10,3018955,false,commons,10568,198505,143602,198505,89166,6312,692207,2513836,310044,25735,
2024-01-11,3026679,false,commons,7724,193035,138462,193035,79776,7059,691807,2478700,259055,31384,
2024-01-12,3032916,false,commons,6237,189544,136821,189544,75306,6770,695957,2476426,258392,35669,
2024-01-13,3038113,false,commons,5197,180386,125320,180386,68338,5817,621631,2284341,239451,33422,
2024-01-14,3042987,false,commons,4874,179260,123144,179260,66307,7639,607925,2297515,244062,29255,
2024-01-15,3047598,false,commons,4611,182616,128738,182616,65034,7025,632859,2375489,225888,17271,
2024-01-16,3052120,false,commons,4522,181204,129487,181204,63075,7107,646702,2381245,206221,16935,
2024-01-17,3056502,false,commons,4382,181375,129552,181375,63051,7345,629703,2352084,204365,31179,
2024-01-18,3061184,false,commons,4682,180310,128721,180310,64033,7336,646743,2336694,212968,19259,
2024-01-19,3065586,false,commons,4402,179033,129152,179033,61648,6644,667740,2449053,200944,31330,
2024-01-20,3069868,false,commons,4282,172210,119447,172210,57728,5583,595043,2317080,181631,26641,
2024-01-21,3074261,false,commons,4393,174910,119650,174910,59542,6055,588844,2369656,191787,28794,
2024-01-22,3078572,false,commons,4311,178813,125226,178813,63063,6011,603185,2356121,194827,27918,
2024-01-23,3082541,false,commons,3969,177469,125223,177469,60028,7017,613759,2342359,191631,29477,
2024-01-24,3085972,false,commons,3431,174622,124770,174622,56457,5964,626348,2362287,171237,19644,
2024-01-25,3089017,false,commons,3045,172096,122744,172096,54567,6097,615829,2331227,172210,25638,
2024-01-26,3091891,false,commons,2874,170492,122621,170492,52910,7166,633354,2406110,169194,27499,
2024-01-27,3094422,false,commons,2531,163546,112365,163546,49109,6004,548431,2230988,141707,23620,
2024-01-28,3097124,false,commons,2702,163039,111791,163039,49315,7973,554067,2186564,158932,34418,
2024-01-29,3100356,false,commons,3232,166779,119071,166779,51158,8062,594601,2230836,153430,39169,
2024-01-30,3107039,false,commons,6683,168318,121748,168318,54466,6297,608382,2251550,167168,31569,
2024-01-31,3121850,false,commons,14811,170694,127030,170694,61716,7109,636593,2290029,198040,22078,
2024-02-01,3140008,false,commons,18158,171470,129854,171470,64229,6701,633045,2268188,200226,26537,
2024-02-02,3154479,false,commons,14471,171058,129549,171058,62070,6074,635104,2291073,189298,25712,
2024-02-03,3168299,false,commons,13820,167539,120492,167539,61925,6326,582519,2222233,205576,15061,
2024-02-04,3187993,true,interp,19694,166758,119261,166758,61823,6913,575843,2185352,218876,17117,
2024-02-05,3207686,true,interp,19693,173156,127178,173156,62400,6378,629488,2278275,190240,32482,
2024-02-06,3434366,true,interp,226680,252619,182834,252619,200115,11451,804981,3150313,1117209,55184,
2024-02-07,4088344,true,interp,653978,854291,558475,634561,854291,27850,2050230,6611103,6495469,109918,
2024-02-08,4432203,false,commons,343859,723588,479473,628534,723588,31394,1859452,6374422,4110857,126427,
2024-02-09,4570216,false,commons,138013,535500,394035,535500,489626,25616,1595292,5524883,2399329,112669,
2024-02-10,4666798,false,commons,96582,482972,350513,482972,387167,26575,1375807,4857826,1843465,124240,
2024-02-11,4757049,false,commons,90251,449222,326059,449222,332793,25115,1316924,4620812,1632035,127824,
2024-02-12,4811068,false,commons,54019,441182,320819,441182,283658,23173,1308732,4741607,1487371,102617,
2024-02-13,4849070,false,commons,38002,409122,300801,409122,247244,19365,1226840,4283134,1209879,62749,
2024-02-14,4858312,false,commons,9242,395275,300941,395275,198214,17948,1219343,4298597,979519,63060,
2024-02-15,4881705,false,commons,23393,367113,273332,367113,173295,15293,1128793,3989636,730302,59337,
2024-02-16,4899886,false,commons,18181,350909,261398,350909,153672,15347,1109204,3950165,651110,56192,
2024-02-17,4916721,false,commons,16835,338019,247874,338019,146297,15052,1027418,3738837,639691,63642,
2024-02-18,4935407,false,commons,18686,335551,245416,335551,142196,16439,1014969,3735706,644227,67748,
2024-02-19,4952084,false,commons,16677,328585,241911,328585,136848,14606,1021008,3667465,599754,60848,
2024-02-20,4971871,false,commons,19787,334065,247766,334065,146584,15369,1068788,3768997,656750,59935,
2024-02-21,4991745,false,commons,19874,336574,252080,336574,153955,15773,1082896,3819317,687548,57955,
2024-02-22,5006053,false,commons,14308,322838,244788,322838,128036,14479,1066808,3734757,521935,53202,
2024-02-23,5019561,false,commons,13508,313401,237129,313401,122263,13229,1045355,3702407,508282,49340,
2024-02-24,5031247,false,commons,11686,295992,223566,295992,110830,12636,965850,3448950,452396,47817,
2024-02-25,5044627,false,commons,13380,297682,223916,297682,116803,15703,958046,3472984,539187,60687,
2024-02-26,5056553,false,commons,11926,298069,225710,298069,110054,15334,986977,3525379,516387,53994,
2024-02-27,5067960,false,commons,11407,296965,226829,296965,107568,14057,1009864,3552983,474287,49072,
2024-02-28,5078594,false,commons,10634,293214,224903,293214,106531,13180,1005915,3573824,421568,49121,
2024-02-29,5090025,false,commons,11431,294176,231447,294176,104940,12970,1045482,3534207,393362,47148,
2024-03-01,5099009,false,commons,8984,285523,223565,285523,96586,14423,1026514,3539306,372767,52963,
2024-03-02,5107586,false,commons,8577,277117,209837,277117,90873,13063,944258,3345014,355773,48917,
2024-03-03,5115734,false,commons,8148,277255,210367,277255,91437,14047,934578,3339241,407206,51203,
2024-03-04,5123650,false,commons,7916,274727,208924,274727,88224,14981,940672,3351673,369655,57377,
2024-03-05,5131674,false,commons,8024,277950,213033,277950,89652,14331,958263,3374249,375714,55690,
2024-03-06,5139313,false,commons,7639,270928,208277,270928,86511,14350,949075,3346775,364810,48883,
2024-03-07,5146813,false,commons,7500,272196,208321,272196,87288,13773,941657,3333217,377413,47866,
2024-03-08,5154932,false,commons,8119,266181,208945,266181,76701,13926,917539,3340992,314588,46689,
2024-03-09,5163543,false,commons,8611,266368,199504,266368,85421,14527,876529,3169981,360722,47071,
2024-03-10,5171848,false,commons,8305,264979,199639,264979,84754,14562,875676,3182942,379483,47448,
2024-03-11,5179454,false,commons,7606,263211,199980,263211,79374,13016,894348,3256781,329815,43817,
2024-03-12,5187322,false,commons,7868,260025,197758,260025,79713,10450,890523,3217760,294151,37523,
2024-03-13,5194968,false,commons,7646,257358,198660,257358,77093,11818,899239,3218615,281096,41245,
2024-03-14,5203210,false,commons,8242,260972,202688,260972,80009,11624,935346,3268410,280353,41460,
2024-03-15,5210243,false,commons,7033,252164,195496,252164,71246,10412,906520,3211213,245028,37193,
2024-03-16,5216048,false,commons,5805,243458,185699,243458,67806,10353,839864,3034131,249358,39707,
2024-03-17,5221716,false,commons,5668,244783,187313,244783,69434,13196,842286,3050180,254798,43573,
2024-03-18,5226977,false,commons,5261,245757,187565,245757,68840,9667,852578,3114097,242341,36779,
2024-03-19,5232757,false,commons,5780,250435,187342,250435,68826,10190,870182,3120740,257481,37109,
2024-03-20,5239602,false,commons,6845,254271,194205,254271,72617,11402,897196,3227823,283266,37143,
2024-03-21,5245770,false,commons,6168,246132,186833,246132,67273,9621,879249,3114582,237820,34593,
2024-03-22,5251049,false,commons,5279,242721,185646,242721,62522,9085,880574,3088061,213515,34305,
2024-03-23,5257039,false,commons,5990,236129,176596,236129,63359,9199,810938,2906353,225100,33532,
2024-03-24,5262910,false,commons,5871,234652,176355,234652,63243,9361,798093,2914278,232842,35008,
2024-03-25,5269076,false,commons,6166,236477,180001,236477,62532,9215,828973,3005367,224650,60687,
2024-03-26,5274974,false,commons,5898,237063,180295,237063,62329,9449,843536,3037541,219549,62688,
2024-03-27,5280278,false,commons,5304,238968,181682,238968,62115,8457,864946,3084035,211725,63262,
2024-03-28,5286136,false,commons,5858,236448,181483,236448,61555,8146,861248,3048886,209229,59594,
2024-03-29,5291439,false,commons,5303,233270,179391,233270,59555,8997,851622,2990571,202049,63026,
2024-03-30,5296232,false,commons,4793,222780,171313,222780,55994,9109,797318,2831701,189162,65572,
2024-03-31,5301249,false,commons,5017,228002,179160,228002,59152,8136,808268,2949018,209285,59029,
2024-04-01,5305827,false,commons,4578,227355,175745,227355,57049,7919,792809,2919109,192663,59804,
2024-04-02,5311023,false,commons,5196,230199,173579,230199,60234,8707,805018,2905346,194227,63113,
2024-04-03,5316212,false,commons,5189,228305,173992,228305,58567,7838,832514,2922705,188685,64930,
2024-04-04,5321206,false,commons,4994,224291,173496,224291,55803,7886,831153,2930070,171566,51419,
2024-04-05,5325976,false,commons,4770,223299,174245,223299,55400,7562,845252,2952519,185212,46691,
2024-04-06,5330463,false,commons,4487,218688,167645,218688,53750,7232,779265,2763168,180509,49591,
2024-04-07,5372537,false,commons,42074,250165,198411,250165,96981,8756,975107,3462209,1275163,51046,
2024-04-08,5407180,false,commons,34643,264511,208082,264511,104906,10031,1060465,3816370,1217161,56404,
2024-04-09,5421651,false,commons,14471,243143,185101,243143,79156,8925,907709,3231354,720493,54543,
2024-04-10,5437582,false,commons,15931,243834,185788,243834,86450,8990,914360,3301292,894070,45948,
2024-04-11,5455018,false,commons,17436,241418,182694,241418,86322,8566,904512,3290628,897502,36752,
2024-04-12,5471866,false,commons,16848,239762,183669,239762,89439,9114,913000,3339254,977239,26319,
2024-04-13,5489161,false,commons,17295,233515,175383,233515,85479,9518,844895,3196342,944707,29983,
2024-04-14,5502621,false,commons,13460,235953,175656,235953,82861,9598,837819,3218357,968275,30649,
2024-04-15,5511857,false,commons,9236,237212,177835,237212,78436,8460,856754,3272305,924949,23772,
2024-04-16,5525560,false,commons,13703,239503,182950,239503,84503,9634,885946,3330650,744600,25012,
2024-04-17,5533684,false,commons,8124,234614,179304,234614,75260,8570,881121,3230528,532499,21168,
2024-04-18,5538455,false,commons,4771,226050,173039,226050,66149,7842,849552,3118228,421369,19621,
2024-04-19,5542777,false,commons,4322,221574,171394,221574,63490,8330,864068,3096852,396954,21531,
2024-04-20,5547038,false,commons,4261,215635,163248,215635,59612,8611,782093,2930225,393967,24198,
2024-04-21,5551055,false,commons,4017,216308,162534,216308,60646,9326,780141,2935044,409697,27631,
2024-04-22,5554821,false,commons,3766,217708,165558,217708,58930,8715,797101,2983450,365194,22249,
2024-04-23,5558553,false,commons,3732,218162,167266,218162,60447,8670,818642,2998957,335161,21642,
2024-04-24,5562221,false,commons,3668,216377,166870,216377,59072,8692,829060,3060033,343260,22908,
2024-04-25,5565822,false,commons,3601,216109,166665,216109,56737,8261,833761,3131606,305452,20780,
2024-04-26,5569364,false,commons,3542,213938,167941,213938,58356,8790,846588,3052766,316619,23830,
2024-04-27,5572730,false,commons,3366,208688,159107,208688,55044,7668,763367,2837291,304616,22624,
2024-04-28,5576184,false,commons,3454,211120,159392,211120,56441,8885,757013,2803199,290601,21866,
2024-04-29,5580941,false,commons,4757,224606,179232,224606,62537,9942,845934,3026030,292220,29510,
2024-04-30,5585312,false,commons,4371,211632,165700,211632,57196,9135,834216,3009371,304839,29564,
2024-05-01,5589425,false,commons,4113,211506,164537,211506,56591,10576,840355,3260145,293794,37816,
2024-05-02,5592993,false,commons,3568,208001,161376,208001,54370,10568,824310,3082381,255559,35701,
2024-05-03,5596264,false,commons,3271,206152,162037,206152,53214,8011,824034,3022631,217127,24650,
2024-05-04,5599579,false,commons,3315,199507,154401,199507,50284,8410,753612,2848630,221740,27627,
2024-05-05,5602813,false,commons,3234,199527,152385,199527,50928,8563,739555,2845179,215223,25532,
2024-05-06,5606518,false,commons,3705,207422,160583,207422,53691,8826,790284,2971572,206085,24079,
2024-05-07,5609813,false,commons,3295,204643,157892,204643,51070,8936,799289,2870841,207635,25199,
2024-05-08,5613117,false,commons,3304,204699,160586,204699,51610,8558,820319,2942123,219210,23109,
2024-05-09,5616648,false,commons,3531,206410,161784,206410,52708,8410,810940,2908616,212012,23079,
2024-05-10,5619937,false,commons,3289,207096,163214,207096,53565,9489,824759,2964264,220945,28884,
2024-05-11,5623224,false,commons,3287,200551,156721,200551,47577,7875,794518,2883303,195099,23142,
2024-05-12,5626214,false,commons,2990,199504,152135,199504,48893,8942,728724,2762275,208853,27129,
2024-05-13,5629117,false,commons,2903,199787,154365,199787,50081,9493,765934,2848253,226969,26403,
2024-05-14,5631856,false,commons,2739,197370,156264,197370,48905,8411,793536,2856829,185257,26004,
2024-05-15,5634855,false,commons,2999,197254,156786,197254,49341,8023,804675,2873725,195561,22155,
2024-05-16,5637786,false,commons,2931,194708,154911,194708,46761,8356,810877,2880538,165880,27629,
2024-05-17,5640573,false,commons,2787,194814,154440,194814,46985,8675,805267,2895990,178963,27066,
2024-05-18,5643671,false,commons,3098,188644,146490,188644,45268,7436,738489,2727717,175016,22758,
2024-05-19,5646611,false,commons,2940,188922,146477,188922,45124,7937,736424,2683012,169368,25340,
2024-05-20,5649426,false,commons,2815,192696,150035,192696,46466,9330,762043,2858415,165961,26617,
2024-05-21,5652726,false,commons,3300,194149,152886,194149,46538,8942,791142,2842695,172660,32219,
2024-05-22,5656077,false,commons,3351,205220,161666,205220,52452,8727,869820,3090719,201212,25905,
2024-05-23,5660160,false,commons,4083,217441,168416,217441,61220,10168,906210,3243299,254475,39919,
2024-05-24,5663423,false,commons,3263,208212,162841,208212,55621,12895,865895,3171379,226816,42912,
2024-05-25,5666586,false,commons,3163,192943,149986,192943,49312,11169,769769,2878679,234863,31055,
2024-05-26,5669773,false,commons,3187,193927,149685,193927,49355,10759,760724,2883515,215650,31166,
2024-05-27,5674338,false,commons,4565,195912,150881,195912,51917,10727,772809,2859721,249632,31339,
2024-05-28,5677825,false,commons,3487,198479,154703,198479,52385,11075,805804,2941463,215344,38468,
2024-05-29,5681494,false,commons,3669,198381,155909,198381,51953,9815,847864,3059638,230128,30203,
2024-05-30,5685029,false,commons,3535,204433,159568,204433,52970,8919,893409,3527483,207649,25268,
2024-05-31,5695026,false,commons,9997,203301,158067,203301,56089,9316,881608,3426085,201042,25441,
2024-06-01,5698531,false,commons,3505,196400,152454,196400,51822,9864,804506,3018678,191251,29376,
2024-06-02,5701877,false,commons,3346,197306,150881,197306,51060,9305,773927,2943126,191988,28439,
2024-06-03,5705411,false,commons,3534,198869,154120,198869,52289,10263,822231,3047975,189599,27440,
2024-06-04,5708717,false,commons,3306,198580,154402,198580,52117,9692,835935,3057246,194550,25039,
2024-06-05,5711829,false,commons,3112,195861,155023,195861,49347,9901,854925,3029703,196593,29722,
2024-06-06,5714625,false,commons,2796,193775,154150,193775,47782,9245,841182,2975435,177661,23799,
2024-06-07,5717341,false,commons,2716,190673,152544,190673,46925,8502,836374,2931589,184310,23138,
2024-06-08,5804310,false,commons,86969,223449,194550,223449,129556,11402,1231299,4340188,2869567,50028,
2024-06-09,5822411,false,commons,18101,215890,176646,215890,92162,11783,1033117,3760654,1355664,49052,
2024-06-10,5829823,false,commons,7412,208169,167647,208169,70983,10278,970468,3389886,723009,30210,
2024-06-11,5839512,false,commons,9689,207347,166873,207347,72157,10309,988135,3373671,642236,29764,
2024-06-12,5856822,false,commons,17310,221681,183771,221681,90578,10952,1088878,3506213,862949,29606,
2024-06-13,5880617,false,commons,23795,256553,210015,256553,133871,12633,1162609,3818411,1085947,35564,
2024-06-14,5890794,false,commons,10177,229697,185070,229697,90235,11136,1095418,3589705,704007,36321,
2024-06-15,5910786,false,commons,19992,218975,178028,218975,96456,10914,1016140,3468459,943772,34373,
2024-06-16,5924338,false,commons,13552,218369,174588,218369,89624,11082,1011931,3813146,1210000,36008,
2024-06-17,5932536,false,commons,8198,215861,171406,215861,77938,10930,1006481,3495046,745664,30785,
2024-06-18,5938768,false,commons,6232,210477,168943,210477,70930,10395,998622,3351639,595885,29322,
2024-06-19,5944088,false,commons,5320,207538,166096,207538,67055,10445,967879,3244063,473024,26820,
2024-06-20,5948423,false,commons,4335,203770,163343,203770,60733,9822,913382,3145821,331458,24311,
2024-06-21,5952514,false,commons,4091,199616,161856,199616,57461,9837,917091,3196225,280864,22698,
2024-06-22,5956543,false,commons,4029,192827,152988,192827,54731,8698,843221,2958945,251569,20293,
2024-06-23,5960099,true,interp,3556,195400,153023,195400,55278,9982,838130,3027606,243942,26088,
2024-06-24,5963655,true,interp,3556,196986,156648,196986,53489,9851,860977,3070430,223995,27138,
2024-06-25,5967211,true,interp,3556,196339,158153,196339,52888,10095,886629,3086736,225010,30464,
2024-06-26,5970766,true,interp,3555,196159,157564,196159,54290,10406,879247,3089344,259475,29476,
2024-06-27,5974322,true,interp,3556,196204,156382,196204,54980,9462,883162,3044450,268040,29177,
2024-06-28,5977878,true,interp,3556,198573,159262,198573,50848,10775,922510,3298280,227060,29821,
2024-06-29,5981434,false,commons,3556,189279,148611,189279,48191,9106,808384,2905315,227491,31608,
2024-06-30,5984675,false,commons,3241,192001,150567,192001,49388,10064,813185,2930773,206958,29844,
2024-07-01,5988217,false,commons,3542,195981,155457,195981,50011,11107,850182,3263508,230949,29905,
2024-07-02,5991769,true,plc-shaped,3552,194868,153312,194868,49582,10683,844360,3141482,219736,33684,
2024-07-03,5995593,true,plc-shaped,3824,191066,152854,191066,49156,10595,849571,3092060,227768,27850,
2024-07-04,5999135,true,plc-shaped,3542,190257,152683,190257,46703,9962,852925,3055319,185354,25098,
2024-07-05,6003440,true,plc-shaped,4305,189255,151692,189255,47054,8882,871116,3070001,185087,24345,
2024-07-06,6009134,true,plc-shaped,5694,185819,146641,185819,48699,9838,824962,2900970,331111,36403,
2024-07-07,6013152,true,plc-shaped,4018,190314,149623,190314,48490,8840,817838,2996007,272017,28914,
2024-07-08,6016849,true,plc-shaped,3697,190655,150689,190655,49672,9847,824177,3035616,234793,30914,
2024-07-09,6020580,true,plc-shaped,3731,190976,150850,190976,49745,9231,841726,3034536,225072,26057,
2024-07-10,6023737,true,plc-shaped,3157,188896,149812,188896,49408,8651,832116,2956838,222831,33927,
2024-07-11,6026784,true,plc-shaped,3047,185798,148084,185798,46240,8109,816834,2905113,201349,23961,
2024-07-12,6030278,true,plc-shaped,3494,184895,147923,184895,46339,9657,826322,2992835,188397,30068,
2024-07-13,6033377,true,plc-shaped,3099,180840,141648,180840,44276,11889,781931,3001526,169829,68567,
2024-07-14,6036571,true,plc-shaped,3194,190186,143497,190186,45139,10830,789249,3263065,163750,33764,
2024-07-15,6039884,true,plc-shaped,3313,190772,148164,190772,47659,11096,807961,3222766,169800,31701,
2024-07-16,6042843,true,plc-shaped,2959,186761,145811,186761,46952,11117,818447,3215403,171708,41951,
2024-07-17,6045769,true,plc-shaped,2926,186078,147264,186078,47143,9590,814859,3087992,187488,29807,
2024-07-18,6048553,true,plc-shaped,2784,186458,147165,186458,46255,10100,815771,3120485,177161,35650,
2024-07-19,6051308,true,plc-shaped,2755,186299,149053,186299,45844,10111,848547,3213474,180092,30874,
2024-07-20,6053966,true,plc-shaped,2658,178729,139251,178729,42360,8760,747485,2846458,167208,31306,
2024-07-21,6056771,true,plc-shaped,2805,190676,147622,190676,46677,10238,827062,3431267,184427,42850,
2024-07-22,6059702,true,plc-shaped,2931,193154,148543,193154,48915,11808,830682,3652443,190991,40470,
2024-07-23,6062669,true,plc-shaped,2967,190791,147075,190791,49128,9917,823654,3341064,192324,33201,
2024-07-24,6065546,true,plc-shaped,2877,192146,148192,192146,47760,9381,820343,3282211,187707,24446,
2024-07-25,6069093,true,plc-shaped,3547,192415,148059,192415,48322,10021,818670,3345029,199752,26340,
2024-07-26,6072915,true,plc-shaped,3822,188916,148799,188916,46339,9272,854453,3284734,192891,26528,
2024-07-27,6076075,true,plc-shaped,3160,182778,140393,182778,42726,9208,756929,3001349,176325,27912,
2024-07-28,6079094,true,plc-shaped,3019,182426,139548,182426,43829,8975,742901,2936715,180988,26317,
2024-07-29,6082599,true,plc-shaped,3505,187311,144889,187311,46352,11101,779440,3172511,179654,25510,
2024-07-30,6086451,true,plc-shaped,3852,186804,144954,186804,47836,9291,809491,3222816,197599,22945,
2024-07-31,6089757,true,plc-shaped,3306,187942,146806,187942,46692,9470,830754,3225966,182898,34144,
2024-08-01,6093026,true,plc-shaped,3269,187611,146660,187611,46216,9257,814030,3185494,177668,24875,
2024-08-02,6096305,true,plc-shaped,3279,186545,146335,186545,45850,8696,814632,3172079,175932,23536,
2024-08-03,6099422,true,plc-shaped,3117,179312,138057,179312,42554,8857,750411,2937471,161318,22502,
2024-08-04,6102796,true,plc-shaped,3374,180311,137903,180311,43917,9248,739356,2928991,175085,23144,
2024-08-05,6106733,true,plc-shaped,3937,185800,144795,185800,49845,9703,790957,3094556,214693,26147,
2024-08-06,6112422,true,plc-shaped,5689,196462,151250,196462,60108,9950,865343,3804765,303964,25562,
2024-08-07,6121273,true,plc-shaped,8851,201503,154884,201503,72049,10330,871946,3797066,417365,32863,
2024-08-08,6129451,true,plc-shaped,8178,198680,154375,198680,66903,10248,893800,3651582,355164,42397,
2024-08-09,6136136,true,plc-shaped,6685,193607,153526,193607,61811,9971,869032,3397192,287795,36567,
2024-08-10,6142285,true,plc-shaped,6149,190756,148445,190756,59262,9998,804118,3216812,270586,36392,
2024-08-11,6147628,true,plc-shaped,5343,188631,141826,188631,58369,9947,786765,3229668,301322,40882,
2024-08-12,6153636,true,plc-shaped,6008,194726,149337,194726,62948,10599,827958,3348665,312226,50139,
2024-08-13,6163899,true,plc-shaped,10263,202513,152668,202513,75409,10409,851580,3540516,410017,38079,
2024-08-14,6175968,true,plc-shaped,12069,203677,154950,203677,80807,11154,867646,3471982,530501,56005,
2024-08-15,6185668,true,plc-shaped,9700,205060,155666,205060,79063,10557,877713,3564247,570714,64233,
2024-08-16,6193871,true,plc-shaped,8203,201193,156584,201193,76155,10309,894998,3478029,533315,46903,
2024-08-17,6202577,true,plc-shaped,8706,200166,150595,200166,77276,9774,813812,3278064,478136,45962,
2024-08-18,6209981,true,plc-shaped,7404,201441,150298,201441,75720,11466,817194,3289343,462200,90675,
2024-08-19,6216481,true,plc-shaped,6500,203510,154640,203510,73253,12867,844448,3374162,470071,71014,
2024-08-20,6222084,true,plc-shaped,5603,203960,156251,203960,71164,12288,871941,3679329,407653,78582,
2024-08-21,6227826,true,plc-shaped,5742,204797,156368,204797,70802,12700,886580,3689219,380396,50571,
2024-08-22,6233687,true,plc-shaped,5861,203023,154773,203023,66619,10938,888285,3614059,333236,45523,
2024-08-23,6239015,true,plc-shaped,5328,202731,155549,202731,65964,11331,901264,3678083,311838,39157,
2024-08-24,6244291,true,plc-shaped,5276,194689,147785,194689,64543,11594,800220,3145728,340269,40720,
2024-08-25,6249703,true,plc-shaped,5412,196034,147414,196034,65281,11214,795281,3160055,344539,51613,
2024-08-26,6254868,true,plc-shaped,5165,200169,152908,200169,65849,11146,824463,3195175,355933,54657,
2024-08-27,6259994,true,plc-shaped,5126,199544,155428,199544,64016,10716,862556,3251611,321461,38593,
2024-08-28,6266104,true,plc-shaped,6110,202706,159552,202706,63602,9494,870273,3280606,297014,40580,
2024-08-29,6362372,true,plc-shaped,96268,294687,236668,294687,212461,13496,1325798,5675152,3526081,54953,
2024-08-30,6634799,true,plc-shaped,272427,467823,353257,444753,467823,25571,1831916,7882306,8345166,84743,
2024-08-31,7360580,true,plc-shaped,725781,,530986,716838,800640,38142,2958021,12813735,15070926,126114,likers|posters|followers|blockers|posts|likes|follows|blocks
2024-09-01,7923502,true,plc-shaped,562922,,1428,1953,1820,124,12503,47920,43571,626,likers|posters|followers|blockers|posts|likes|follows|blocks
2024-09-02,8321810,true,plc-shaped,398308,,78,29,33,1,512,347,274,1,likers|posters|followers|blockers|posts|likes|follows|blocks
2024-09-03,8643173,true,plc-shaped,321363,,289,349,263,9,1510,2405,2743,10,likers|posters|followers|blockers|posts|likes|follows|blocks
2024-09-04,8888690,true,plc-shaped,245517,,246042,372874,247057,9017,663692,2230505,1516190,19497,likers|posters|followers|blockers|posts|likes|follows|blocks
2024-09-05,9101579,true,plc-shaped,212889,,88,30,32,0,471,270,271,0,likers|posters|followers|blockers|posts|likes|follows|blocks
2024-09-06,9260116,true,plc-shaped,158537,,199,107,80,2,844,704,577,3,likers|posters|followers|blockers|posts|likes|follows|blocks
2024-09-07,9377118,true,plc-shaped,117002,,713601,1086072,666792,52936,3351186,14424141,5521014,172700,likers|posters|followers|blockers|posts|likes|follows|blocks
2024-09-08,9477034,true,plc-shaped,99916,1158132,785441,1158132,722039,60726,4186284,16664705,5902857,237627,
2024-09-09,9579591,true,plc-shaped,102557,1203887,841750,1203887,768784,61691,4406525,17090061,5575518,223557,
2024-09-10,9669218,true,plc-shaped,89627,,741747,1077698,626036,49065,3537639,13751328,4365561,159374,likers|posters|followers|blockers|posts|likes|follows|blocks
2024-09-11,9754577,true,plc-shaped,85359,1234756,864556,1234756,752791,67132,4891043,20685618,6134916,195524,
2024-09-12,9832438,true,plc-shaped,77861,1230310,858262,1230310,720058,65967,4910180,20787693,5848739,189486,
2024-09-13,9895306,true,plc-shaped,62868,1180611,815015,1180611,644623,55960,4318177,17286208,5293174,169868,
2024-09-14,9960276,true,plc-shaped,64970,1095908,717909,1095908,580078,57048,3640579,14860855,4728677,152592,
2024-09-15,10017024,true,plc-shaped,56748,1089610,727581,1089610,563605,63829,3909273,15528739,4493540,170921,
2024-09-16,10088486,true,plc-shaped,71462,1240794,815407,1240794,633011,56637,4214332,20435867,4734789,152351,
2024-09-17,10148192,true,plc-shaped,59706,1185376,827944,1185376,613246,52444,4148573,17951973,4675907,130571,
2024-09-18,10192968,true,plc-shaped,44776,1135563,794608,1135563,550411,51724,4216519,17431484,4039410,143310,
2024-09-19,10227081,true,plc-shaped,34113,1071231,732801,1071231,486080,54933,3969269,16138879,3805051,145141,
2024-09-20,10257145,true,plc-shaped,30064,1071382,724135,1071382,477568,50940,4008824,16124057,3639187,143787,
2024-09-21,10285098,true,plc-shaped,27953,1010037,661043,1010037,418890,52983,3644625,14671838,3229914,134701,
2024-09-22,10316938,true,plc-shaped,31840,1013132,660419,1013132,426808,53215,3600933,14762905,3185594,179849,
2024-09-23,10356780,true,plc-shaped,39842,1078248,710018,1078248,467782,53405,3855046,16101950,3397135,153213,
2024-09-24,10399347,true,plc-shaped,42567,1092375,710294,1092375,488137,58074,3622482,15593543,3486593,157834,
2024-09-25,10438857,true,plc-shaped,39510,1058071,698286,1058071,461061,55585,3683917,15083791,3184669,164797,
2024-09-26,10470710,true,plc-shaped,31853,1041511,698631,1041511,431548,51335,3823169,14950780,2942608,143820,
2024-09-27,10498526,true,plc-shaped,27816,1016819,675342,1016819,399490,51790,3561809,14355679,2887736,131197,
2024-09-28,10524720,true,plc-shaped,26194,936703,591413,936703,362467,49551,2959113,12549204,2460525,130328,
2024-09-29,10552059,true,plc-shaped,27339,935734,604205,935734,369274,48520,3196209,13076303,2624998,137690,
2024-09-30,10577717,true,plc-shaped,25658,968922,631851,968922,373819,47841,3213074,13183344,2474615,128704,
2024-10-01,10600662,true,plc-shaped,22945,963925,635611,963925,365295,46697,3266508,13289378,2426915,123920,
2024-10-02,10623403,true,plc-shaped,22741,952986,629433,952986,351154,47001,3290969,13526503,2315527,123088,
2024-10-03,10647036,true,plc-shaped,23633,938380,624397,938380,337660,45798,3318175,13002007,2283263,119921,
2024-10-04,10668733,true,plc-shaped,21697,906570,600949,906570,315693,40239,3119561,12416925,2027385,103962,
2024-10-05,10689251,true,plc-shaped,20518,855600,551441,855600,289969,43289,2801862,11757153,1909218,131865,
2024-10-06,10710538,true,plc-shaped,21287,886459,575703,886459,293167,41668,3047549,12784283,1871627,110294,
2024-10-07,10734298,true,plc-shaped,23760,921322,581736,921322,322904,47146,2907095,13038165,2022979,124999,
2024-10-08,10757270,true,plc-shaped,22972,894180,586395,894180,324693,43638,3048130,12456385,2096604,117390,
2024-10-09,10780175,true,plc-shaped,22905,824513,564260,824513,279983,38067,2825603,10690451,1888471,93482,
2024-10-10,10801551,true,plc-shaped,21376,564497,373296,564497,208211,31198,1951465,7785168,1869003,82973,
2024-10-11,10820480,true,plc-shaped,18929,504893,336833,504893,184934,27552,1825892,7326716,1457345,65976,
2024-10-12,10834490,true,plc-shaped,14010,453828,291027,453828,159655,25407,1524203,6544525,1291582,77556,
2024-10-13,10846857,true,plc-shaped,12367,438726,278944,438726,154766,27452,1440529,6312203,1253436,97489,
2024-10-14,10858503,true,plc-shaped,11646,445766,293593,445766,155023,26104,1530244,6539189,1091294,72017,
2024-10-15,10868821,true,plc-shaped,10318,433654,288550,433654,152416,26634,1548337,6499052,1071547,66403,
2024-10-16,10889809,true,plc-shaped,20988,460364,310010,460364,195172,30804,1620808,6658682,1507919,77725,
2024-10-17,11542138,true,plc-shaped,652329,1560045,924023,1305323,1560045,88627,4374264,21662865,24164599,414584,
2024-10-18,12075158,true,plc-shaped,533020,1691101,933675,1512110,1691101,90612,4650769,27477182,20943351,457316,
2024-10-19,12386357,true,plc-shaped,311199,1407730,819786,1407730,1362690,89243,3992543,24258922,13342475,402973,
2024-10-20,12639769,true,plc-shaped,253412,1332474,759046,1332474,1156052,82924,3659038,22107934,9696342,430271,
2024-10-21,12826122,true,plc-shaped,186353,1287701,738540,1287701,1022842,78017,3592033,20945588,8142313,344680,
2024-10-22,12974098,true,plc-shaped,147976,1218129,697001,1218129,908505,69788,3340419,19201768,6516566,280046,
2024-10-23,13087396,true,plc-shaped,113298,,667842,431787,799072,67693,3193120,3384199,5356455,282481,likers|likes
2024-10-24,13173022,true,plc-shaped,85626,990464,635047,990464,707593,60529,3035327,13306147,4495966,220925,
2024-10-25,13247935,true,plc-shaped,74913,1055428,610537,1055428,638711,57369,2898489,15647175,3879708,211496,
2024-10-26,13319535,true,plc-shaped,71600,992504,559375,992504,583542,46685,2525891,14031670,3263658,186872,
2024-10-27,13380453,true,plc-shaped,60918,969481,552838,969481,549770,48260,2549351,13887603,3100003,184391,
2024-10-28,13437232,true,plc-shaped,56779,976813,558477,976813,544422,48957,2611808,14229023,3011650,181367,
2024-10-29,13494186,true,plc-shaped,56954,956087,552830,956087,514369,47517,2582395,13743578,2822729,134351,
2024-10-30,13540217,true,plc-shaped,46031,918892,545224,918892,479322,43878,2531457,12860156,2462545,147141,
2024-10-31,13584812,true,plc-shaped,44595,930204,575028,930204,454593,41910,2625382,13183277,2298378,134961,
2024-11-01,13625106,true,plc-shaped,40294,884891,520198,884891,420907,39859,2402390,12138714,2166038,121857,
2024-11-02,13663277,true,plc-shaped,38171,841938,477727,841938,402852,39263,2190007,11300597,2076024,130660,
2024-11-03,13701665,true,plc-shaped,38388,844720,479812,844720,417553,40021,2222591,11718428,2167820,154741,
2024-11-04,13739863,true,plc-shaped,38198,875731,508445,875731,439363,42100,2415352,12520218,2451430,162351,
2024-11-05,13780929,true,plc-shaped,41066,891567,523816,891567,448469,41961,2542812,13476410,2553978,153565,
2024-11-06,13864216,true,plc-shaped,83287,1041950,603424,1041950,669028,61795,2979085,17609270,5171692,247144,
2024-11-07,13985786,true,plc-shaped,121570,1122849,643279,1122849,864086,87200,3206381,18335804,10214431,371136,
2024-11-08,14085631,true,plc-shaped,99845,1105081,640632,1105081,804065,65349,3381491,18251159,10719001,278365,
2024-11-09,14195703,true,plc-shaped,110072,1090414,619244,1090414,788724,66802,3188802,17378492,10077670,310235,
2024-11-10,14321630,true,plc-shaped,125927,1140845,646520,1140845,859049,76062,3383170,18334709,13416583,355511,
2024-11-11,14498200,true,plc-shaped,176570,1242831,712903,1242831,1012871,76030,3734403,20505560,18109847,322609,
2024-11-12,14780938,false,wayback,282738,1401589,795718,1401589,1275054,95438,4267486,24099094,23064197,418195,
2024-11-13,15318343,true,plc-shaped,537405,1841427,988587,1741536,1841427,116269,5226472,30192193,30061857,498920,
2024-11-14,16314033,true,plc-shaped,995690,2837865,1287387,2297548,2837865,153191,6503938,37545304,40983682,691368,
2024-11-15,17277780,true,plc-shaped,963747,2946896,1335142,2452412,2946896,186021,6666969,38979333,43411870,817450,
2024-11-16,18147034,false,wayback,869254,3010025,1393751,2607211,3010025,235627,7265370,43444445,46944867,1223936,
2024-11-17,18915537,false,bot,768503,3008247,1418727,2688530,3008247,287466,7441316,44571679,47167654,1489674,
2024-11-18,19687518,false,bot,771981,3124646,1475882,2789693,3124646,284275,7533686,45156991,44271380,1569354,
2024-11-19,20291180,false,bot,603662,2919934,1479884,2783670,2919934,281313,7521469,45114367,40303146,1496040,
2024-11-20,20830608,false,bot,539428,2770175,1459234,2746666,2770175,296212,7317817,43461870,37010314,1478079,
2024-11-21,21246251,false,bot,415643,2696227,1428183,2696227,2536218,294882,7205721,43094636,32020681,1486048,
2024-11-22,21651035,false,bot,404784,2602673,1376977,2602673,2401240,275280,6876952,39764742,30777850,1224185,
2024-11-23,21989082,false,bot,338047,2491086,1290167,2491086,2154641,266439,6515975,38275660,28651710,1265336,
2024-11-24,22309658,false,bot,320576,2494376,1274816,2494376,2128663,277392,6465216,38962583,29889193,1258755,
2024-11-25,22569660,false,bot,260002,2459310,1276423,2459310,1997505,272404,6314317,37554743,24409017,1205850,
2024-11-26,22786653,false,bot,216993,2419827,1275040,2419827,1877971,271218,6440508,37544387,22758674,1185416,
2024-11-27,23059816,false,bot,273163,2399860,1267371,2399860,1889996,265534,6377822,36389409,22301527,1243698,
2024-11-28,23276558,false,bot,216742,2312914,1231020,2312914,1700876,253906,5975237,34291292,18851183,1035422,
2024-11-29,23453155,false,bot,176597,2208516,1143455,2208516,1553183,261764,5541359,32715549,18462743,1157630,
2024-11-30,23621814,false,bot,168659,2179663,1123186,2179663,1552168,265859,5567749,32921773,18599461,1127593,
2024-12-01,23774934,false,bot,153120,2204211,1145926,2204211,1561999,287334,5679717,33801131,18779890,1332067,
2024-12-02,23930331,false,bot,155397,2273355,1181429,2273355,1605229,289614,5792294,35478066,17749492,1412613,
2024-12-03,24079877,false,bot,149546,2240021,1183832,2240021,1584200,268066,5900763,34928336,17834249,1225063,
2024-12-04,24218466,false,bot,138589,2211036,1214880,2211036,1516912,263586,6120248,34870877,19567397,1372857,
2024-12-05,24334571,false,bot,116105,2172610,1168253,2172610,1443298,251486,5860807,34523032,15864527,1170873,
2024-12-06,24441628,false,bot,107057,2095781,1125618,2095781,1358480,242856,5619612,32995494,15569229,1428780,
2024-12-07,24547917,false,bot,106289,1990121,1036477,1990121,1263820,221904,5091559,30498563,14597079,1511363,
2024-12-08,24644351,false,bot,96434,1970158,1019868,1970158,1215738,215151,5119681,31422533,15703117,1217991,
2024-12-09,24742958,false,bot,98607,1991698,1052577,1991698,1205669,211687,5193489,31003567,13825021,1282541,
2024-12-10,24829145,false,bot,86187,1989288,1055971,1989288,1168422,191916,5218732,30506964,12098293,948449,
2024-12-11,24913845,false,bot,84700,1973506,1055977,1973506,1158864,190974,5271009,30202942,12721256,939859,
2024-12-12,24991223,false,bot,77378,1923525,1036860,1923525,1097385,178687,5213505,29638257,12248982,984620,
2024-12-13,25064830,false,bot,73607,1897052,1028512,1897052,1042323,176238,5236990,29242068,12213887,773122,
2024-12-14,25138115,false,bot,73285,1815709,939115,1815709,978505,172246,4614747,27686768,11460194,803134,
2024-12-15,25209915,false,bot,71800,1796626,921269,1796626,985806,170454,4656812,26893140,13399868,713211,
2024-12-16,25281315,false,bot,71400,1834613,972741,1834613,1003987,176085,4786253,27231798,13150009,723535,
2024-12-17,25347614,false,bot,66299,1849053,986613,1849053,1004016,188256,4941999,28018181,12722541,700611,
2024-12-18,25411932,false,bot,64318,1820772,978745,1820772,979320,182004,4999555,27474991,12324823,707340,
2024-12-19,25474296,false,bot,62364,1804965,974683,1804965,965110,178371,4954625,27966070,12341673,681500,
2024-12-20,25537126,false,bot,62830,1769993,956610,1769993,923422,179707,4879968,28184142,11387637,685305,
2024-12-21,25595175,false,bot,58049,1716284,888506,1716284,894491,170070,4458954,25747476,12031531,611370,
2024-12-22,25650989,false,bot,55814,1674198,867820,1674198,867672,179670,4417221,25363733,14048596,874050,
2024-12-23,25704128,false,bot,53139,1676527,882391,1676527,817116,164768,4407100,25498196,11969468,625898,
2024-12-24,25751399,false,elaval,47271,1663412,906035,1663412,777197,157119,4438335,25200597,10985874,582145,
2024-12-25,25796249,false,elaval,44850,1641425,874736,1641425,682135,143571,3983195,24039988,8763616,502554,
2024-12-26,25841011,false,bot,44762,1600994,802912,1600994,740995,164956,3911659,23723865,11276822,609675,
2024-12-27,25859798,false,bot,18787,1586278,822824,1586278,772301,168488,4405163,24566549,11661944,626212,
2024-12-28,25879459,false,bot,19661,1575741,812572,1575741,787650,173502,4738142,24596881,12127874,664697,
2024-12-29,25898402,false,bot,18943,1629455,827064,1629455,796770,175074,4282064,25409082,14040930,744050,
2024-12-30,25917634,false,bot,19232,1620692,851426,1620692,795782,188949,4340317,25602362,12370320,780180,
2024-12-31,25935732,false,bot,18098,1640611,946367,1640611,751222,157737,4789017,25398690,10894310,607703,
2025-01-01,25955518,false,bot,19786,1681033,937623,1681033,757419,149884,4450670,25714512,10615886,558591,
2025-01-02,26211589,false,elaval,256071,1629857,847266,1629857,820013,180467,4199599,24537070,15421390,817858,
2025-01-03,26267893,false,bot,56304,1604164,862016,1604164,812950,203352,4424052,25070264,14389701,918040,
2025-01-04,26327649,false,bot,59756,1599293,826712,1599293,833066,210634,4214800,24443607,21452275,925578,
2025-01-05,26391586,false,bot,63937,1615871,841043,1615871,839385,228725,4369637,25243693,16839420,1058922,
2025-01-06,26460175,false,bot,68589,1669675,891334,1669675,878097,262140,4599813,26941199,22082976,1329650,
2025-01-07,26554736,false,bot,94561,1716315,926216,1716315,964260,277155,4804012,27260851,21619637,1453696,
2025-01-08,26684270,false,bot,129534,1776707,951817,1776707,1095602,226554,4916854,28677821,15202822,858146,
2025-01-09,26798911,false,bot,114641,1763446,939804,1763446,1099446,202177,4792224,28326307,12901993,714317,
2025-01-10,26909919,false,bot,111008,1767293,950086,1767293,1041920,246194,4872311,28320132,14927734,813289,
2025-01-11,27042855,false,bot,132936,1737672,889864,1737672,1067356,209915,4463459,26898628,14231467,675603,
2025-01-12,27182198,false,bot,139343,1730814,883308,1730814,1072013,201312,4364045,26266846,15799746,723198,
2025-01-13,27333022,false,bot,150824,1801208,946460,1801208,1164762,252928,4618582,27088647,17354485,906775,
2025-01-14,27457638,false,bot,124616,1817729,966263,1817729,1114971,238689,4845230,28606082,17476056,817993,
2025-01-15,27573332,false,bot,115694,1799687,957985,1799687,1066922,209971,4763659,27710281,14374955,701330,
2025-01-16,27692039,false,bot,118707,1776687,968195,1776687,1029633,180046,4845257,27921697,11100157,669061,
2025-01-17,27809417,false,bot,117378,1762037,950436,1762037,1017906,187741,4693732,27095377,11581751,686195,
2025-01-18,27940384,false,bot,130967,1683780,889226,1683780,1028505,176801,4365904,25082902,16525229,643390,
2025-01-19,28176709,false,bot,236325,1994353,1032435,1994353,1343562,199484,5236476,32138203,17388370,789077,
2025-01-20,28376905,false,bot,200196,2059806,1086150,2059806,1342080,254496,5440001,35936784,18063682,907701,
2025-01-21,28651619,false,elaval,274714,2221747,1150195,2221747,1664676,282783,5780386,39333649,18939109,1030529,
2025-01-22,28921970,false,elaval,270351,2224401,1146637,2224401,1757247,230954,5671070,36489683,18087850,762490,
2025-01-23,29151646,false,bot,229676,2187937,1132239,2187937,1637534,202281,5692094,35934535,14965918,667061,
2025-01-24,29329984,false,bot,178338,2116229,1106318,2116229,1468498,174625,5607029,34504686,13091482,586833,
2025-01-25,29504606,false,bot,174622,2065408,1043918,2065408,1417877,166955,5277635,33659702,12689415,586072,
2025-01-26,29664972,false,bot,160366,2061157,1030374,2061157,1388683,178705,5236652,33303245,13557075,679232,
2025-01-27,29803715,false,bot,138743,2070972,1070452,2070972,1314482,174053,5362229,33571483,11492580,615371,
2025-01-28,29948755,false,bot,145040,2074081,1087682,2074081,1323853,161560,5585587,34828377,10165255,1529289,
2025-01-29,30125586,false,bot,176831,2113320,1091199,2113320,1319688,152840,5512895,35861586,10591011,522678,
2025-01-30,30250691,false,bot,125105,2072259,1070257,2072259,1186259,166849,5475202,36086529,10709178,531707,
2025-01-31,30399664,false,bot,148973,2034637,1060598,2034637,1130177,144268,5447951,35237264,9591720,478335,
2025-02-01,30489008,false,bot,89344,1978418,1012743,1978418,1078986,145774,5227466,34778121,9937902,502070,
2025-02-02,30609027,false,bot,120019,2051410,1031956,2051410,1198069,150386,5492441,38081935,10737076,519476,
2025-02-03,30726051,false,bot,117024,2090516,1069049,2090516,1222203,155496,5652300,39366666,10214098,551425,
2025-02-04,30820522,false,bot,94471,2029074,1050042,2029074,1138000,146911,5433737,35755738,9096274,495207,
2025-02-05,30910019,false,bot,89497,2026710,1069571,2026710,1109653,153701,5718102,37016949,8765136,606400,
2025-02-06,30995406,false,bot,85387,1985080,1035026,1985080,1069474,145827,5392363,34039120,8615267,517678,
2025-02-07,31102315,false,bot,106909,1930224,1018744,1930224,1007669,137232,5304120,32676179,8975520,599069,
2025-02-08,31178789,false,bot,76474,1851084,944028,1851084,953227,134949,4835304,30699089,9465034,572065,
2025-02-09,31250870,false,bot,72081,1853556,935082,1853556,926418,146444,4809312,30782922,10212438,585352,
2025-02-10,31323156,false,bot,72286,1978263,1006247,1978263,1069092,141203,5192382,36283120,8149257,591917,
2025-02-11,31396040,false,bot,72884,1899708,999915,1899708,1028948,130817,5164357,32122739,8489047,595043,
2025-02-12,31465649,false,bot,69609,1880809,1007528,1880809,950512,134083,5281937,31963344,7954541,569224,
2025-02-13,31526640,false,bot,60991,1877444,1007223,1877444,914486,136652,5322427,32013899,7830167,454624,
2025-02-14,31582034,false,bot,55394,1893321,1035289,1893321,878457,128820,5288145,32689468,7003000,402865,
2025-02-15,31640632,false,bot,58598,1810979,918828,1810979,852803,132565,4698490,30510806,7458597,555334,
2025-02-16,31711406,false,bot,70774,1799285,897590,1799285,857709,130384,4658952,30571325,8576436,437870,
2025-02-17,31769635,false,bot,58229,1809161,937488,1809161,858487,128792,4821482,30622053,7697621,419510,
2025-02-18,31828186,false,bot,58551,1830838,951802,1830838,869403,140221,4986916,31503801,7261487,422773,
2025-02-19,31883588,false,bot,55402,1848316,976540,1848316,875420,122156,5187322,32757090,7266805,375206,
2025-02-20,31944550,false,bot,60962,1856825,970885,1856825,904380,119974,5126868,32284214,7453002,373456,
2025-02-21,32001537,false,bot,56987,1837892,972620,1837892,870088,117904,5173362,32397368,7177878,408238,
2025-02-22,32058148,false,bot,56611,1767854,898546,1767854,805691,113234,4688544,30678630,7357542,372377,
2025-02-23,32126948,false,bot,68800,1798553,887813,1798553,874686,118545,4640632,31631348,8059539,388847,
2025-02-24,32194882,false,bot,67934,1847660,949321,1847660,897353,127092,4861815,32116388,8063238,402881,
2025-02-25,32258277,false,bot,63395,1835370,955805,1835370,876604,124170,4976299,31788235,7958298,391079,
2025-02-26,32322314,false,bot,64037,1793340,953681,1793340,842425,107003,4992676,30663517,7583003,351761,
2025-02-27,32375574,false,bot,53260,1769028,950046,1769028,803567,106436,5007970,30155355,7180130,349087,
2025-02-28,32434635,false,bot,59061,1902162,1032054,1902162,836126,112692,5542797,37358834,7239467,344718,
2025-03-01,32495014,false,bot,60379,1896722,959677,1896722,816150,109966,5013678,38230729,7119622,371966,
2025-03-02,32555106,false,bot,60092,1790660,885068,1790660,816577,117089,4659998,33178252,7960959,390083,
2025-03-03,32610160,false,bot,55054,1786692,923955,1786692,777821,112419,4920164,32785744,7020982,368449,
2025-03-04,32663598,false,bot,53438,1812820,955401,1812820,785917,112539,5205114,34038571,6766095,370693,
2025-03-05,32719567,false,elaval,55969,1852812,963553,1852812,828620,108861,5212754,36007132,6813836,376060,
2025-03-06,32767505,false,bot,47938,1770697,940337,1770697,798507,102786,5088197,31450322,6127197,366730,
2025-03-07,32811708,false,bot,44203,1726061,930196,1726061,733116,98081,5003927,30310652,6048162,324025,
2025-03-08,32852510,false,bot,40802,1669206,859135,1669206,677207,98777,4425945,28259658,6450183,344757,
2025-03-09,32894540,false,bot,42030,1645640,827136,1645640,672471,98597,4360366,28301099,7380275,369099,
2025-03-10,32958830,false,bot,64290,1855397,1000835,1855397,840218,113106,5146087,31852194,7646585,407814,
2025-03-11,33022641,false,bot,63811,1824566,972384,1824566,830693,105067,5230127,32587181,6800618,371719,
2025-03-12,33077777,false,bot,55136,1757545,936791,1757545,783410,97944,4998478,31030763,6259060,327032,
2025-03-13,33124291,false,bot,46514,1731342,929497,1731342,731233,94884,5036143,30521883,6128359,304552,
2025-03-14,33165088,true,interp,40797,1723670,934561,1723670,722123,92652,5090926,31930738,5711192,311737,
2025-03-15,33205885,true,interp,40797,1620083,824646,1620083,667577,94558,4335763,27581973,5874005,318266,
2025-03-16,33246681,true,interp,40796,1615999,816148,1615999,707439,98539,4303503,27324083,6709387,350142,
2025-03-17,33287478,true,interp,40797,1656710,885587,1656710,711514,103743,4690726,28763426,5675753,365902,
2025-03-18,33328275,true,interp,40797,1677251,892265,1677251,726311,104204,4768197,29110547,6185995,341625,
2025-03-19,33369071,true,interp,40796,1652151,885774,1652151,691566,96363,4733252,28545702,5739168,315929,
2025-03-20,33409868,true,interp,40797,1658277,894339,1658277,686251,101620,4777806,28821489,5305587,342676,
2025-03-21,33450665,true,interp,40797,1637386,876804,1637386,672993,101520,4686311,28691359,5616995,357968,
2025-03-22,33491461,true,interp,40796,1600063,815892,1600063,650409,95547,4320366,27820823,5731015,320183,
2025-03-23,33532258,true,interp,40797,1594113,797426,1594113,754142,105890,4215978,26980585,6552366,394096,
2025-03-24,33573054,true,interp,40796,1637956,859152,1637956,778021,101058,4579050,28889227,5540613,333933,
2025-03-25,33614207,false,bot,41153,1659505,876464,1659505,706583,99367,4798413,31275369,5438390,355219,
2025-03-26,33650792,false,bot,36585,1649991,886438,1649991,690079,97489,4877161,31231324,4983286,348213,
2025-03-27,33686178,false,bot,35386,1648002,888997,1648002,671690,101445,4893014,30142936,5185696,361175,
2025-03-28,33715485,false,bot,29307,1625932,874799,1625932,642452,98401,4794803,29226185,5302688,337002,
2025-03-29,33747735,false,bot,32250,1554819,799144,1554819,608949,92347,4241643,27038897,5097017,351238,
2025-03-30,33784235,false,bot,36500,1568811,796793,1568811,617078,94903,4186122,26987661,5449843,363467,
2025-03-31,33819689,false,bot,35454,1613353,861361,1613353,697435,95648,5094610,27661608,4898293,379527,
2025-04-01,33858518,false,bot,38829,1685679,908905,1685679,742057,100455,4806391,30956720,4945945,368116,
2025-04-02,33906001,false,bot,47483,1757913,927795,1757913,750960,97014,5184308,34578839,5277620,343819,
2025-04-03,33997916,false,bot,91915,1736409,914321,1736409,755961,99123,5050939,34035213,8992107,398858,
2025-04-04,34180844,false,bot,182928,1742331,934879,1742331,860145,123005,5099773,33117305,18725520,533634,
2025-04-05,34322960,false,bot,142116,1712737,864170,1712737,825025,113611,4503217,32996092,17865314,451086,
2025-04-06,34453915,false,bot,130955,1714479,846366,1714479,828506,115076,4472448,33252362,17454026,481952,
2025-04-07,34541908,false,bot,87993,1705823,888226,1705823,827083,119464,4752682,32248336,12424408,480769,
2025-04-08,34645704,false,bot,103796,1686804,883478,1686804,811721,123927,4742007,29519582,10742109,458471,
2025-04-09,34701714,false,bot,56010,1675139,886131,1675139,746338,121855,4824099,30680677,9476983,433933,
2025-04-10,34746408,false,bot,44694,1622987,858136,1622987,693648,105827,4591636,28310401,8409741,365566,
2025-04-11,34784678,false,bot,38270,1573059,848241,1573059,659129,102339,4558180,27676576,6928317,374593,
2025-04-12,34820727,false,bot,36049,1502567,774221,1502567,599580,101122,4084209,24971646,6553063,346376,
2025-04-13,34870920,false,bot,50193,1504992,758346,1504992,599209,100286,3974422,25177251,6733029,366838,
2025-04-14,34915349,false,bot,44429,1560829,816283,1560829,618418,108259,4286394,27328143,6498178,394037,
2025-04-15,34953254,false,bot,37905,1578830,829601,1578830,657618,108039,4447608,28355952,6197203,376745,
2025-04-16,34994058,false,bot,40804,1580361,841389,1580361,630496,108170,4565878,28541030,5998211,401000,
2025-04-17,35033541,false,bot,39483,1567391,831970,1567391,620761,107819,4521400,27531767,5259145,394045,
2025-04-18,35066522,false,bot,32981,1539718,808572,1539718,612714,101770,4349067,27550274,5042554,387858,
2025-04-19,35097762,false,bot,31240,1479508,756676,1479508,567639,94254,3977617,25947524,5060640,340503,
2025-04-20,35128980,false,bot,31218,1486504,758380,1486504,556093,97988,3970689,26634985,5054834,374792,
2025-04-21,35165093,false,bot,36113,1558937,811179,1558937,593652,102390,4349494,28388598,4839516,361939,
2025-04-22,35198502,false,bot,33409,,384292,845918,243715,39102,1417134,8949995,1530672,101538,likers|posters|followers|blockers|posts|likes|follows|blocks
2025-04-23,35230997,false,bot,32495,1521464,822924,1521464,583976,99966,4433391,26546204,4596926,327665,
2025-04-24,35259676,false,bot,28679,1482420,799817,1482420,556413,92413,4281505,24816623,4516356,300586,
2025-04-25,35287648,false,bot,27972,1502950,815504,1502950,564783,94547,4465286,26394817,4606445,309123,
2025-04-26,35314628,false,bot,26980,1426831,750077,1426831,525505,86826,4043669,24678250,4315392,288949,
2025-04-27,35341809,false,bot,27181,1426077,729960,1426077,527426,97541,3904127,24471200,4906823,330989,
2025-04-28,35372733,false,bot,30924,1471303,781186,1471303,548023,93427,4141570,25159846,4539289,316120,
2025-04-29,35402387,false,bot,29654,1495326,806694,1495326,544333,85142,4415490,26868729,4264419,255462,
2025-04-30,35434712,false,bot,32325,1479831,813496,1479831,539328,89102,4448457,26065883,4828980,280655,
2025-05-01,35465440,false,bot,30728,1459786,801220,1459786,548942,91343,4296128,25583075,4240030,398625,
2025-05-02,35493312,false,bot,27872,1461926,794966,1461926,541098,89115,4288723,25151941,4943021,296756,
2025-05-03,35519885,false,bot,26573,1409187,738303,1409187,496893,81599,3946129,23908160,4540171,338621,
2025-05-04,35547026,false,bot,27141,1413033,727526,1413033,499159,84807,3874882,24044961,4010965,280272,
2025-05-05,35585624,false,bot,38598,1459784,778645,1459784,534420,87781,4133710,24963371,5359135,291304,
2025-05-06,35615787,false,bot,30163,1448053,784500,1448053,529334,92467,4258929,25088733,4729665,328875,
2025-05-07,35644042,false,bot,28255,1450449,780521,1450449,519551,87318,4226954,24701504,4334542,291706,
2025-05-08,35674979,false,bot,30937,1481721,798971,1481721,526376,86476,4442068,25837800,4254880,271123,
2025-05-09,35708248,false,bot,33269,1440745,777386,1440745,515612,106670,4217938,24813162,4793375,333941,
2025-05-10,35735576,false,bot,27328,1360257,706322,1360257,481480,80509,3772475,22893292,3653780,259845,
2025-05-11,35762608,false,bot,27032,1371768,700323,1371768,465958,91271,3707857,22797193,4612128,290413,
2025-05-12,35788932,false,bot,26324,1398208,744572,1398208,487533,85441,3934126,23269802,3732127,282729,
2025-05-13,35815676,false,bot,26744,1402495,761468,1402495,490541,84366,4130911,23050855,4002253,308322,
2025-05-14,35842629,false,bot,26953,1405217,761493,1405217,481242,84988,4137471,23451443,4241740,284226,
2025-05-15,35867544,false,bot,24915,1390827,757499,1390827,480642,95770,4139690,22929890,4055012,284556,
2025-05-16,35892002,false,bot,24458,1375522,758282,1375522,484761,83464,4151684,23002665,3245116,278349,
2025-05-17,35916836,false,bot,24834,1329859,699842,1329859,441532,79619,3848343,21929989,3263245,275496,
2025-05-18,35941837,false,bot,25001,1329478,680483,1329478,430329,89188,3677413,21977605,4180352,328339,
2025-05-19,35968035,false,bot,26198,1384679,737963,1384679,455374,96261,3965336,23232502,4066102,379693,
2025-05-20,35994240,false,bot,26205,,752420,4,456846,95965,4092521,55,3814981,319953,likers|likes
2025-05-21,36019229,false,bot,24989,1145187,752840,1145187,454971,86902,4131238,16547754,3134208,296175,
2025-05-22,36045123,false,bot,25894,1361559,745910,1361559,450538,87808,4076534,22660577,3464746,353275,
2025-05-23,36073132,false,bot,28009,1352070,750695,1352070,456618,85363,4102486,22284729,3954398,290422,
2025-05-24,36104450,false,bot,31318,1360738,745871,1360738,472379,84040,3934273,21409576,3741465,264046,
2025-05-25,36129781,false,bot,25331,1296659,676747,1296659,434291,87870,3647344,20764282,3859773,300381,
2025-05-26,36154543,false,bot,24762,1336780,707117,1336780,447284,86361,3807938,21641259,3921501,297883,
2025-05-27,36178512,false,elaval,23969,1342724,723724,1342724,450247,84258,3905030,21542516,3789695,290737,
2025-05-28,36201956,false,bot,23444,1333844,740221,1333844,443748,82448,4088572,22017742,3095528,285570,
2025-05-29,36225090,false,bot,23134,1352393,735617,1352393,468387,81432,4070212,22580613,3205724,261028,
2025-05-30,36248147,false,bot,23057,1320994,734894,1320994,436339,75516,4013631,21952179,3076299,276524,
2025-05-31,36270372,false,bot,22225,1262943,674138,1262943,407422,73460,3595427,20744645,2895498,259734,
2025-06-01,36293861,false,bot,23489,1302789,696067,1302789,418663,77074,3682346,22472058,3040145,283339,
2025-06-02,36321865,false,bot,28004,1337814,718199,1337814,436081,78621,3784564,22591841,3054554,289466,
2025-06-03,36357359,false,bot,35494,1357855,736331,1357855,465052,75515,3964308,22696278,3109528,264812,
2025-06-04,36382115,false,bot,24756,1345979,739373,1345979,444314,82176,4032558,22442578,3051350,293699,
2025-06-05,36405977,false,bot,23862,1386149,764537,1386149,436757,88966,4298269,25220938,3199028,301734,
2025-06-06,36429434,false,bot,23457,1384749,752368,1384749,433530,83517,4180795,25176395,3045931,271482,
2025-06-07,36452330,false,bot,22896,1277240,666012,1277240,402819,73386,3591601,21713450,3051290,241446,
2025-06-08,36476799,false,bot,24469,1301252,672803,1301252,433318,84411,3751807,24639405,3365050,310652,
2025-06-09,36502026,false,bot,25227,1360457,726002,1360457,451506,94260,4041456,26593535,3163901,330739,
2025-06-10,36527093,false,bot,25067,1372765,745370,1372765,475814,90164,4175096,25557462,3087650,308045,
2025-06-11,36553262,false,bot,26169,1359937,745459,1359937,454741,86553,4154070,24974038,2953265,280337,
2025-06-12,36578721,false,bot,25459,1360688,744939,1360688,455930,82144,4221168,25371358,2867262,266918,
2025-06-13,36602745,false,bot,24024,1347461,741362,1347461,441724,82913,4203304,25520974,2855333,289267,
2025-06-14,36626074,false,bot,23329,1349759,701853,1349759,415798,86407,3903935,28039204,3013028,300455,
2025-06-15,36651593,false,bot,25519,1359317,686812,1359317,422220,80006,3815766,28459846,3062728,287129,
2025-06-16,36678100,false,bot,26507,1331973,708189,1331973,427706,80940,3887252,24039769,3039438,265316,
2025-06-17,36701859,false,bot,23759,1338938,729736,1338938,441248,82099,4123281,24859158,3203281,273997,
2025-06-18,36726517,false,bot,24658,1320180,727659,1320180,433479,98168,4083004,23834753,2870283,371104,
2025-06-19,36757025,false,bot,30508,1323425,722669,1323425,441264,165019,4012053,23346131,2918563,683311,
2025-06-20,36792313,false,bot,35288,1282683,710158,1282683,414767,109862,3940743,21964446,2954023,385628,
2025-06-21,36814133,false,bot,21820,1228843,646330,1228843,380865,93785,3511450,20447996,2914223,321397,
2025-06-22,36837658,false,bot,23525,1341463,689641,1341463,426041,107063,3963033,26102222,3229109,378505,
2025-06-23,36861473,false,bot,23815,1300389,710890,1300389,428529,110998,3916071,22736972,3370540,372215,
2025-06-24,36885476,false,bot,24003,1290401,715579,1290401,425967,111746,4008422,22606811,3133190,363669,
2025-06-25,36907721,false,bot,22245,1311291,720358,1311291,439711,105070,4092425,25025389,2941245,330818,
2025-06-26,36930055,false,bot,22334,1272036,706032,1272036,408646,84806,3950690,21609482,2770027,300584,
2025-06-27,36950950,false,bot,20895,1268251,705809,1268251,401385,87930,3992111,21832745,2794625,290809,
2025-06-28,36971252,false,bot,20302,1227744,638797,1227744,374629,81343,3587435,20418347,2837724,267860,
2025-06-29,36992608,false,bot,21356,1232411,633236,1232411,375858,84040,3586382,20610971,2873273,303407,
2025-06-30,37014689,false,bot,22081,1244324,695750,1244324,399564,86930,3883001,21164696,2896673,295833,
2025-07-01,37036334,false,bot,21645,1278869,722927,1278869,402587,79007,4085728,22122196,2719524,282741,
2025-07-02,37059276,false,bot,22942,1290364,711468,1290364,421572,80734,3994358,22424400,2711576,279114,
2025-07-03,37085910,false,bot,26634,1305744,710219,1305744,422344,85979,3963086,22844686,2685007,286211,
2025-07-04,37110159,false,bot,24249,1249054,692528,1249054,395788,83987,3792225,21772331,2818823,275760,
2025-07-05,37129717,false,bot,19558,1184547,624679,1184547,366207,82556,3468004,20233692,2838733,289603,
2025-07-06,37151872,false,bot,22155,1189337,622826,1189337,380960,88735,3495422,20181652,3163836,312369,
2025-07-07,37174695,false,bot,22823,1235522,676995,1235522,398885,84296,3747338,21080416,2953679,286436,
2025-07-08,37199306,false,bot,24611,1255973,688586,1255973,427054,78975,3909930,21668902,2875653,260008,
2025-07-09,37223259,false,elaval,23953,1233032,691121,1233032,422378,79259,3947250,21528922,2832779,239575,
2025-07-10,37245061,false,bot,21802,1224130,688311,1224130,405720,76280,3921248,21100608,2877110,249200,
2025-07-11,37266481,false,bot,21420,1222610,692211,1222610,387616,76186,3956583,21204111,2709902,246702,
2025-07-12,37287028,false,bot,20547,1169549,630458,1169549,368381,78511,3588141,20158169,2627144,238375,
2025-07-13,37307852,false,bot,20824,1189566,623993,1189566,381411,78309,3519516,20857790,2966063,264868,
2025-07-14,37331320,false,bot,23468,1231462,673553,1231462,395588,79440,3786425,21361553,2829668,251355,
2025-07-15,37354093,false,bot,22773,1232018,682498,1232018,397674,81713,3883293,21185129,2705278,276806,
2025-07-16,37375444,false,bot,21351,1235628,686236,1235628,394731,84790,3920417,21564133,4249889,305222,
2025-07-17,37396494,false,bot,21050,1221174,685602,1221174,393251,80520,3957718,21373086,2730072,273191,
2025-07-18,37417230,false,bot,20736,1240619,687834,1240619,401069,76688,3965346,22895445,2733452,242797,
2025-07-19,37437647,false,bot,20417,1174397,622974,1174397,368821,74650,3482865,19986244,2800463,242088,
2025-07-20,37457983,false,bot,20336,1168102,613255,1168102,369601,85200,3443297,19983466,2877343,293311,
2025-07-21,37478222,false,bot,20239,1216989,665457,1216989,388239,84523,3688975,20817070,2741107,273370,
2025-07-22,37498733,false,bot,20511,1236783,692137,1236783,393602,80830,3941934,21862820,2702991,275140,
2025-07-23,37519801,false,bot,21068,1233671,681762,1233671,395274,84569,3880705,21575569,2792135,281914,
2025-07-24,37540677,false,bot,20876,1231973,685760,1231973,386419,82348,3940756,22397111,2751319,291889,
2025-07-25,37562402,false,bot,21725,1202155,672097,1202155,379230,80289,3815219,21238966,2764654,277195,
2025-07-26,37587382,false,bot,24980,1162076,620879,1162076,377085,79079,3495118,19825643,2793094,233071,
2025-07-27,37633043,false,bot,45661,1196001,621285,1196001,435023,85713,3530643,20782996,3471047,268997,
2025-07-28,37684767,false,bot,51724,1242374,664430,1242374,469254,91589,3714165,21398775,3746689,280973,
2025-07-29,37734802,false,bot,50035,1240297,674234,1240297,469193,86917,3811571,21653969,3494785,278498,
2025-07-30,37782918,false,bot,48116,1238987,677358,1238987,465607,87206,3873712,21945981,3618545,279669,
2025-07-31,37827872,false,bot,44954,1249100,686118,1249100,462963,86177,3930732,21551902,3518364,282920,
2025-08-01,37867703,false,bot,39831,1245882,695140,1245882,450075,86272,3989374,22077399,3291410,276174,
2025-08-02,37903559,false,bot,35856,1190012,625440,1190012,420053,89402,3509216,20388861,3218078,292521,
2025-08-03,37939666,false,bot,36107,1189390,611068,1189390,430230,98830,3425944,20451744,3476848,317566,
2025-08-04,37973901,false,bot,34235,1236526,658500,1236526,439531,97190,3675203,21663759,3415896,312972,
2025-08-05,38007991,false,bot,34090,1243054,668786,1243054,438386,95142,3769597,21847663,3468599,297855,
2025-08-06,38041793,false,bot,33802,1237821,672026,1237821,433940,92738,3817151,21611154,3303902,282156,
2025-08-07,38073629,false,bot,31836,1234481,674011,1234481,430367,92224,3837729,21404689,3147926,281558,
2025-08-08,38101360,false,bot,27731,1222756,675078,1222756,419144,94427,3847135,21313277,3221277,281373,
2025-08-09,38125667,false,bot,24307,1171586,611490,1171586,391870,96251,3442540,19850608,3127662,286348,
2025-08-10,38150798,false,bot,25131,1171973,600195,1171973,395911,95592,3375365,19854219,3188598,296634,
2025-08-11,38175731,false,bot,24933,1222502,656780,1222502,407566,101412,3750489,21677959,2860082,308930,
2025-08-12,38199270,false,bot,23539,1222033,666302,1222033,408408,93759,3806494,21554208,2976217,282603,
2025-08-13,38222400,false,bot,23130,1218773,670671,1218773,408362,89983,3857577,21116317,2911461,269977,
2025-08-14,38245030,false,bot,22630,1201340,664419,1201340,396925,91878,3797618,21101635,2723205,267598,
2025-08-15,38268028,false,bot,22998,1200480,665516,1200480,392131,96561,3868992,21865537,2949905,297995,
2025-08-16,38291091,false,bot,23063,1162813,611460,1162813,377286,87838,3489606,20769439,2654282,273878,
2025-08-17,38315111,false,bot,24020,1167665,602343,1167665,389163,94374,3442796,20558223,3088815,288378,
2025-08-18,38339165,false,bot,24054,1198931,652256,1198931,398901,98996,3744191,21491272,3097773,296874,
2025-08-19,38362132,false,bot,22967,1207241,663324,1207241,400301,93040,3815035,21282931,2669647,273700,
2025-08-20,38383972,false,bot,21840,1194608,662753,1194608,409355,89372,3785477,20826313,2878619,269898,
2025-08-21,38405851,false,bot,21879,1198339,668713,1198339,394681,89047,3854046,21302412,2904874,274781,
2025-08-22,38426619,false,bot,20768,1191862,663161,1191862,382318,88648,3872234,21315981,2966174,270469,
2025-08-23,38446981,false,bot,20362,1138173,602764,1138173,354653,81744,3419815,19359003,2695331,272444,
2025-08-24,38468290,false,bot,21309,1142801,596743,1142801,367481,80988,3382545,19800634,2750511,263662,
2025-08-25,38490092,false,bot,21802,1187101,645872,1187101,375773,89655,3657720,21000532,2678855,261142,
2025-08-26,38511556,false,bot,21464,1200064,661863,1200064,380089,78533,3746723,21437183,2669979,240703,
2025-08-27,38532937,false,bot,21381,1203767,663211,1203767,377328,76373,3745282,20899701,2491447,238640,
2025-08-28,38557831,false,bot,24894,1195999,659509,1195999,383710,76318,3725493,20828794,2579384,232276,
2025-08-29,38581629,false,bot,23798,1181960,658847,1181960,370891,82054,3722174,20575249,2703925,252152,
2025-08-30,38601950,false,bot,20321,1165726,617528,1165726,367193,77821,3461887,21110449,2451681,219872,
2025-08-31,38622030,false,bot,20080,1153379,603078,1153379,362837,80637,3387840,20341573,2732728,247908,
2025-09-01,38643833,false,bot,21803,1191077,641438,1191077,383794,79071,3532234,21144042,2563578,239309,
2025-09-02,38666542,false,bot,22709,1210957,657249,1210957,394916,79463,3662479,21990687,2617103,227422,
2025-09-03,38689836,false,bot,23294,1204751,661278,1204751,379434,76874,3712321,21804747,2470821,216228,
2025-09-04,38711501,false,bot,21665,1191411,666488,1191411,376273,75071,3756712,21412090,2504338,203656,
2025-09-05,38731189,false,bot,19688,1178912,666557,1178912,366212,77832,3823082,20940005,2503557,217284,
2025-09-06,38750381,false,bot,19192,1128275,608268,1128275,352456,76721,3467533,19912250,2427954,214077,
2025-09-07,38770060,false,bot,19679,1138802,609066,1138802,363833,76277,3510125,20453676,2408196,209006,
2025-09-08,38789913,false,bot,19853,1177518,650395,1177518,372295,74694,3679298,20693767,2384949,202290,
2025-09-09,38809309,false,bot,19396,1191994,661459,1191994,375753,75762,3810665,21220515,2363086,213157,
2025-09-10,38836920,false,bot,27611,1266997,696745,1266997,390010,90996,4122549,25093468,2393317,266899,
2025-09-11,38869911,false,bot,32991,1304736,695073,1304736,399191,106883,4107475,27260001,2489322,335439,
2025-09-12,38899077,false,bot,29166,1250929,690543,1250929,384495,92099,4165255,25349828,2608899,273514,
2025-09-13,38927527,false,bot,28450,1173520,622385,1173520,369648,88481,3572778,21962857,2416213,261390,
2025-09-14,38953692,false,bot,26165,1184384,611662,1184384,376789,88388,3508958,21500966,2568009,257929,
2025-09-15,38979464,false,bot,25772,1215865,654301,1215865,396357,95623,3625946,22113526,2999209,265416,
2025-09-16,39004174,false,bot,24710,1207676,665968,1207676,384387,85133,3760556,21952771,2717544,240107,
2025-09-17,39026089,false,bot,21915,1193351,662964,1193351,375516,83382,3766291,21838857,2632561,240539,
2025-09-18,39049036,false,bot,22947,1256507,688839,1256507,406740,86154,4020039,24770990,2592156,271686,
2025-09-19,39071158,false,bot,22122,1208991,672751,1208991,378337,0,3831038,22141376,2267725,0,blockers|blocks
2025-09-20,39092636,false,bot,21478,1149360,616924,1149360,353137,1,3542339,20923960,2165521,2,blockers|blocks
2025-09-21,39113792,false,bot,21156,1157333,609859,1157333,358917,1,3505644,21362384,2398542,4,blockers|blocks
2025-09-22,39139459,false,bot,25667,1203341,662744,1203341,376638,0,3726118,22364132,2427577,0,blockers|blocks
2025-09-23,39164980,false,bot,25521,1222721,678953,1222721,389006,0,3873332,23057567,2263019,0,blockers|blocks
2025-09-24,39186572,false,bot,21592,1191051,660804,1191051,374673,0,3666062,21743894,2217389,0,blockers|blocks
2025-09-25,39207938,false,bot,21366,1177842,653208,1177842,368270,0,3674602,21116262,2233320,0,blockers|blocks
2025-09-26,39230848,false,bot,22910,1184303,654456,1184303,370794,0,3704981,21413820,2125035,0,blockers|blocks
2025-09-27,39252309,false,bot,21461,1119095,596057,1119095,334948,0,3340095,19633067,2118187,0,blockers|blocks
2025-09-28,39273990,false,bot,21681,1128244,595509,1128244,344438,0,3384333,20114193,2128372,0,blockers|blocks
2025-09-29,39296247,false,bot,22257,1165597,646370,1165597,355217,0,3635376,20948738,2208567,0,blockers|blocks
2025-09-30,39316855,false,bot,20608,1168038,659340,1168038,353065,0,3792537,21967940,2021819,0,blockers|blocks
2025-10-01,39338413,false,bot,21558,1195302,683866,1195302,364428,0,3870426,22463833,2087690,0,blockers|blocks
2025-10-02,39358830,false,bot,20417,1181297,660273,1181297,356274,0,3707274,21717027,2039249,0,blockers|blocks
2025-10-03,39379286,false,bot,20456,1160373,663290,1160373,360976,0,3802573,21578182,1969382,0,blockers|blocks
2025-10-04,39398717,false,bot,19431,1111864,601243,1111864,334353,0,3402210,20076675,2102176,0,blockers|blocks
2025-10-05,39418302,false,bot,19585,1122188,595443,1122188,339829,0,3385024,20392786,2061951,0,blockers|blocks
2025-10-06,39438977,false,bot,20675,1156164,639527,1156164,355107,0,3604265,21461141,2038557,0,blockers|blocks
2025-10-07,39461633,false,bot,22656,1153394,645777,1153394,346460,0,3654910,21194367,2026183,0,blockers|blocks
2025-10-08,39481926,false,bot,20293,1153032,651180,1153032,352981,0,3752454,21171311,2004915,0,blockers|blocks
2025-10-09,39503398,false,bot,21472,1148742,648567,1148742,353204,0,3706662,21015954,1916663,0,blockers|blocks
2025-10-10,39522686,false,bot,19288,1149961,655719,1149961,338786,0,3767398,21309919,1875304,0,blockers|blocks
2025-10-11,39540911,false,bot,18225,1095616,591627,1095616,319745,0,3329714,19723585,2027490,0,blockers|blocks
2025-10-12,39559771,false,bot,18860,1092840,575649,1092840,327816,0,3190610,19521695,2277904,0,blockers|blocks
2025-10-13,39579089,false,bot,19318,1128212,622802,1128212,338264,0,3438303,20216107,2126129,0,blockers|blocks
2025-10-14,39598232,false,bot,19143,1126175,633921,1126175,344795,1,3570861,19994032,2152220,1,blockers|blocks
2025-10-15,39618515,false,bot,20283,1122834,635820,1122834,354004,0,3535690,20087992,2218074,0,blockers|blocks
2025-10-16,39641067,false,bot,22552,1126469,638950,1126469,353686,0,3624920,20238403,2507292,0,blockers|blocks
2025-10-17,39664450,false,bot,23383,1123032,639136,1123032,344712,0,3641621,20442929,2154999,0,blockers|blocks
2025-10-18,39695879,false,bot,31429,1145291,613629,1145291,356705,0,3456478,23623964,2348488,0,blockers|blocks
2025-10-19,39728262,false,bot,32383,1152438,603895,1152438,359325,0,3455249,23535345,2466251,0,blockers|blocks
2025-10-20,39754268,false,bot,26006,1156633,639850,1156633,367616,0,3587543,21687127,2546567,0,blockers|blocks
2025-10-21,39777367,false,bot,23099,1143076,646360,1143076,356709,0,3709617,21347541,2442922,0,blockers|blocks
2025-10-22,39799384,false,bot,22017,1126310,641224,1126310,349361,0,3664184,20884479,2278899,0,blockers|blocks
2025-10-23,39823074,false,bot,23690,1123574,640575,1123574,338559,0,3695422,20748673,2257897,0,blockers|blocks
2025-10-24,39847181,false,bot,24107,1108882,638926,1108882,335614,0,3663500,20132966,2437536,0,blockers|blocks
2025-10-25,39870740,false,bot,23559,1068935,583132,1068935,319189,0,3305154,18906238,2465013,0,blockers|blocks
2025-10-26,39896200,false,bot,25460,1080919,579232,1080919,332198,0,3266084,19139031,2282582,0,blockers|blocks
2025-10-27,39922536,false,bot,26336,1124511,624089,1124511,357154,0,3420077,20104573,2431628,0,blockers|blocks
2025-10-28,39947440,false,bot,24904,1147690,642387,1147690,358047,0,3642671,20812283,2420704,0,blockers|blocks
2025-10-29,39970875,false,bot,23435,1145857,640194,1145857,350861,0,3555276,20227200,2311894,0,blockers|blocks
2025-10-30,39993524,false,bot,22649,1135596,637520,1135596,337325,0,3537568,19840116,2124653,0,blockers|blocks
2025-10-31,40013847,false,bot,20323,1135332,670206,1135332,328929,0,3613027,20423506,2247558,0,blockers|blocks
2025-11-01,40035413,false,bot,21566,1090112,586336,1090112,311247,0,3159693,19187680,2068118,0,blockers|blocks
2025-11-02,40057324,false,bot,21911,1081931,571771,1081931,322928,0,3201425,19318949,2218523,0,blockers|blocks
2025-11-03,40079979,false,bot,22655,1106592,613192,1106592,341831,1,3317253,19668377,2313602,1,blockers|blocks
2025-11-04,40101866,false,bot,21887,1141738,630561,1141738,348113,0,3537575,21177882,2242290,0,blockers|blocks
2025-11-05,40123692,false,bot,21826,1242339,664963,1242339,386511,1,3897337,30003684,2260164,1,blockers|blocks
2025-11-06,40146028,false,bot,22336,1161939,642567,1161939,357927,0,3646468,21989313,2174704,0,blockers|blocks
2025-11-07,40167026,false,bot,20998,1141465,636811,1141465,336539,0,3593351,21227238,2181098,0,blockers|blocks
2025-11-08,40187418,false,bot,20392,1079846,577610,1079846,317109,0,3200281,19173401,2291370,0,blockers|blocks
2025-11-09,40207855,false,bot,20437,1083480,576414,1083480,321306,0,3238484,19455611,2269140,0,blockers|blocks
2025-11-10,40229147,false,bot,21292,1141381,634613,1141381,343377,0,3633576,22499817,2295461,0,blockers|blocks
2025-11-11,40250912,false,bot,21765,1122630,629176,1122630,338571,0,3503325,19982579,2302944,0,blockers|blocks
2025-11-12,40272588,false,bot,21676,1129495,629850,1129495,336130,0,3516309,21238593,2246261,0,blockers|blocks
2025-11-13,40293073,false,bot,20485,1135546,624679,1135546,338296,0,3513669,21917408,2240764,0,blockers|blocks
2025-11-14,40313291,false,bot,20218,1117766,625260,1117766,328588,0,3491717,20505387,2266489,0,blockers|blocks
2025-11-15,40332235,false,bot,18944,1072120,572161,1072120,315369,0,3157746,19330275,2031982,0,blockers|blocks
2025-11-16,40351294,false,bot,19059,1064920,558063,1064920,320811,0,3059707,18709435,2386750,0,blockers|blocks
2025-11-17,40369932,false,bot,18638,1093810,608087,1093810,322569,1,3308269,19258899,2195433,2,blockers|blocks
2025-11-18,40394742,false,bot,24810,1209730,714242,1209730,374160,0,3845389,21266803,2376767,0,blockers|blocks
2025-11-19,40414064,false,bot,19322,1122044,628926,1122044,343333,0,3488893,20389010,2212011,0,blockers|blocks
2025-11-20,40433679,false,bot,19615,1115651,624512,1115651,337869,0,3480388,20161843,2191995,0,blockers|blocks
2025-11-21,40452894,false,bot,19215,1116447,625186,1116447,338074,0,3487251,20250296,2102715,0,blockers|blocks
2025-11-22,40472366,false,bot,19472,1077291,573390,1077291,318305,1,3203223,19094797,2016806,1,blockers|blocks
2025-11-23,40493140,false,bot,20774,1067848,561537,1067848,321303,0,3176272,18508100,2099189,0,blockers|blocks
2025-11-24,40514090,false,bot,20950,1094473,607373,1094473,335237,0,3378652,19069472,2074788,0,blockers|blocks
2025-11-25,40533926,false,bot,19836,1109355,611101,1109355,349584,0,3467987,19160957,2087952,0,blockers|blocks
2025-11-26,40553244,false,bot,19318,1098793,608467,1098793,331142,0,3477626,18859052,1992972,0,blockers|blocks
2025-11-27,40571965,false,bot,18721,1076716,592123,1076716,305557,0,3274460,17758977,1902286,0,blockers|blocks
2025-11-28,40590441,false,elaval,18476,1054661,575559,1054661,297422,0,3102667,17621249,1916097,0,blockers|blocks
2025-11-29,40609108,false,elaval,18667,1033568,551377,1033568,306391,0,3039203,17971919,2008999,0,blockers|blocks
2025-11-30,40628729,false,bot,19621,1049138,556747,1049138,318621,0,3057486,18944825,1989439,0,blockers|blocks
2025-12-01,40648476,false,bot,19747,1085587,600923,1085587,330326,0,3217451,18716472,2171816,0,blockers|blocks
2025-12-02,40668701,false,bot,20225,1101327,619839,1101327,334820,1,3392965,19354500,2230625,1,blockers|blocks
2025-12-03,40688426,false,bot,19725,1090201,627489,1090201,328436,0,3488115,18853551,2101166,0,blockers|blocks
2025-12-04,40707898,false,bot,19472,1081829,616081,1081829,318579,0,3422322,18418977,2088686,0,blockers|blocks
2025-12-05,40726487,false,bot,18589,1071888,622310,1071888,311316,0,3479065,18695096,1953950,0,blockers|blocks
2025-12-06,40744984,false,bot,18497,1041796,563569,1041796,307903,0,3049194,17531458,2011631,0,blockers|blocks
2025-12-07,40764176,false,bot,19192,1040163,554293,1040163,313013,0,3079575,17685434,2092230,0,blockers|blocks
2025-12-08,40784021,false,bot,19845,1070169,596981,1070169,324795,0,3280190,17939624,2013086,0,blockers|blocks
2025-12-09,40804223,false,bot,20202,1078775,602867,1078775,324409,0,3342686,18109682,2051921,0,blockers|blocks
2025-12-10,40824869,false,bot,20646,1081665,611642,1081665,322809,0,3383353,18500856,1963658,0,blockers|blocks
2025-12-11,40845928,false,bot,21059,1065615,603234,1065615,319780,0,3387783,18521717,1912034,0,blockers|blocks
2025-12-12,40864457,false,bot,18529,1065591,610843,1065591,310776,0,3531097,18896405,1900904,0,blockers|blocks
2025-12-13,40881631,false,bot,17174,1015729,546485,1015729,293643,0,3034471,16812777,1761937,0,blockers|blocks
2025-12-14,40899611,false,bot,17980,1030821,543372,1030821,299794,0,3042268,17501746,1912579,0,blockers|blocks
2025-12-15,40918832,false,bot,19221,1091019,594633,1091019,324353,0,3269483,19387880,2003880,0,blockers|blocks
2025-12-16,40939870,false,bot,21038,1078307,601173,1078307,323503,0,3358321,18986083,1996752,0,blockers|blocks
2025-12-17,40959967,false,bot,20097,1074833,603647,1074833,316699,0,3418698,18803254,1890054,0,blockers|blocks
2025-12-18,40983926,false,bot,23959,1101473,618119,1101473,335346,0,3471822,19560551,2021658,0,blockers|blocks
2025-12-19,41006675,false,bot,22749,1011673,564765,1011673,294822,1,2958145,15845391,1790860,2,blockers|blocks
2025-12-20,41026933,false,bot,20258,1050253,564971,1050253,312929,62417,3216006,17937862,2203794,204206,
2025-12-21,41047786,false,bot,20853,1052436,559718,1052436,321074,64254,3213287,18011638,2307799,220537,
2025-12-22,41067502,false,bot,19716,1070491,592089,1070491,320423,63960,3329201,18491470,2219632,196124,
2025-12-23,41087530,false,bot,20028,1070225,592071,1070225,318132,61522,3432728,18645667,2087651,191746,
2025-12-24,41137955,false,bot,50425,1164859,674357,1164859,461612,65253,3649200,19147431,3070877,218206,
2025-12-25,41217508,false,bot,79553,1335481,722725,1335481,668013,76889,3721909,22469523,5062937,283437,
2025-12-26,41269474,false,bot,51966,1241468,630689,1241468,542686,76883,3444169,20530714,3572385,299357,
2025-12-27,41307823,false,bot,38349,1180507,606896,1180507,471529,73001,3363253,19710007,3086503,271530,
2025-12-28,41337535,false,bot,29712,1169539,605046,1169539,441493,75904,3426825,19677650,2859652,278190,
2025-12-29,41364711,false,bot,27176,1167312,626159,1167312,425241,72564,3589248,19688126,2637513,249018,
2025-12-30,41389034,false,bot,24323,1165876,640122,1165876,411925,67506,3665397,19676742,2331845,225832,
2025-12-31,41411519,true,interp,22485,1201862,718691,1201862,380305,71165,4051905,21179784,2248172,214405,
2026-01-01,41435060,false,bot,23541,1229906,696323,1229906,373821,68622,3731230,21620572,2262325,204609,
2026-01-02,41461042,false,bot,25982,1185649,635904,1185649,409224,85911,3536294,20659822,2570640,273390,
2026-01-03,41487768,false,bot,26726,1244060,665088,1244060,431664,89427,3971901,25146792,2655109,291490,
2026-01-04,41514254,false,bot,26486,1217307,630251,1217307,421867,76151,3732552,21898676,2496221,277895,
2026-01-05,41539915,false,bot,25661,1206232,664393,1206232,418573,76119,3822843,21219464,2545242,282231,
2026-01-06,41564618,false,bot,24703,1196177,667937,1196177,401155,68941,3866637,21181223,2398656,259390,
2026-01-07,41596703,false,bot,32085,1234274,687477,1234274,435981,77783,4020567,23005918,2446010,267586,
2026-01-08,41627064,false,bot,30361,1272710,696080,1272710,496476,86960,4149298,25339665,2904002,298143,
2026-01-09,41654199,false,bot,27135,1243648,695025,1243648,445420,71045,4129512,23928156,2667899,224703,
2026-01-10,41679259,false,bot,25060,1208940,644096,1208940,418431,73008,3743983,22390108,2830016,246679,
2026-01-11,41705037,false,bot,25778,1208640,636856,1208640,423717,71740,3720837,22334455,2701814,242168,
2026-01-12,41730541,false,bot,25504,1233110,675729,1233110,431025,71583,3945580,23261980,2650441,247660,
2026-01-13,41755797,false,bot,25256,1233827,693738,1233827,424235,81361,4044864,22423886,2628402,244750,
2026-01-14,41781810,false,bot,26013,1216868,685525,1216868,418883,69110,4013524,22505970,2373727,230628,
2026-01-15,41811076,false,bot,29266,1225305,685824,1225305,421763,65044,4088462,22678061,2518506,208554,
2026-01-16,41838015,false,bot,26939,1261890,711297,1261890,417813,68398,4156175,22353330,2561179,237900,
2026-01-17,41864513,false,bot,26498,1187254,638280,1187254,403290,140856,3726261,21224328,2462278,436571,
2026-01-18,41890133,false,bot,25620,1194941,632391,1194941,404170,78695,3736504,21727842,2507575,316871,
2026-01-19,41915216,false,bot,25083,1225305,673581,1225305,406192,72811,3886898,22529331,2601425,348229,
2026-01-20,41940561,false,bot,25345,1238349,688972,1238349,415105,74294,4092627,23005973,2612526,265478,
2026-01-21,41967130,false,bot,26569,1235579,694646,1235579,411165,75130,4147884,23616567,2477979,241971,
2026-01-22,41992486,false,bot,25356,1217676,682810,1217676,395055,69840,4089720,22569786,2347603,395660,
2026-01-23,42019127,false,bot,26641,1226997,689242,1226997,401648,68547,4086440,22323091,2484764,266149,
2026-01-24,42045577,false,bot,26450,1235477,664536,1235477,405609,77093,4006363,25175952,2585346,293536,
2026-01-25,42072795,false,bot,27218,1274178,671574,1274178,429947,94042,4070197,26985813,2921203,302513,
2026-01-26,42100633,false,bot,27838,1260647,689831,1260647,424708,75047,4084211,24932545,2806286,274370,
2026-01-27,42127048,false,bot,26415,1261890,698575,1261890,424738,71939,4183280,24605728,2683587,248365,
2026-01-28,42151356,false,bot,24308,1237273,684819,1237273,416340,74918,3937128,23282773,2653758,232833,
2026-01-29,42174772,false,bot,23416,1217073,673648,1217073,396982,74915,3887507,22281521,2492658,232200,
2026-01-30,42197428,false,bot,22656,1210048,686211,1210048,385923,77477,4051414,22784229,2428249,240045,
2026-01-31,42219793,false,bot,22365,1191214,635675,1191214,375190,91016,3679058,22301702,2411077,248785,
2026-02-01,42242045,false,bot,22252,1188451,629555,1188451,383862,80048,3713986,22085264,2455778,272375,
2026-02-02,42263816,false,bot,21771,1198854,664210,1198854,380686,80274,3880478,22167574,2412537,231374,
2026-02-03,42286148,false,bot,22332,1194829,667460,1194829,377741,83427,3964270,21859026,2554772,247519,
2026-02-04,42308174,false,bot,22026,1199494,673913,1199494,378561,73317,3897055,21773316,2656395,224773,
2026-02-05,42329275,false,bot,21101,1190840,671941,1190840,378911,78394,3920180,21356022,2791689,252728,
2026-02-06,42351224,false,bot,21949,1198252,674521,1198252,370286,74362,3917568,21729926,2545583,235507,
2026-02-07,42377165,false,bot,25941,1160706,629842,1160706,357264,85710,3657003,20521770,2633737,329282,
2026-02-08,42402451,false,bot,25286,1161802,628286,1161802,364745,101813,3719421,20567856,3171441,312845,
2026-02-09,42426665,false,bot,24214,1237938,679162,1237938,369235,93584,3999600,24167923,3044624,511258,
2026-02-10,42453254,false,bot,26589,1186051,672040,1186051,378086,95706,3909911,21446789,3448777,295728,
2026-02-11,42474865,false,bot,21611,1195901,670869,1195901,371970,72742,3902893,21977759,2542270,308847,
2026-02-12,42495047,false,bot,20182,1181481,661734,1181481,365027,64537,3903537,21064819,2241479,206771,
2026-02-13,42514347,false,bot,19300,1159109,664816,1159109,347587,71676,3866986,20531973,2377268,220724,
2026-02-14,42534092,false,bot,19745,1155114,643774,1155114,336306,65945,3626425,20136415,2269982,199903,
2026-02-15,42554792,false,bot,20700,1136629,597875,1136629,350123,70892,3386148,19291487,2239290,214051,
2026-02-16,42576744,false,bot,21952,1186666,653224,1186666,371156,74958,3620923,19969107,2225373,234811,
2026-02-17,42597605,false,bot,20861,1156578,646679,1156578,356420,76278,3613243,19722196,2168529,223034,
2026-02-18,42617796,false,bot,20191,1150763,649826,1150763,355467,94082,3720542,20025509,2330007,237644,
2026-02-19,42638799,false,bot,21003,1159273,655838,1159273,356258,95798,3811040,20733347,2447364,233989,
2026-02-20,42658926,false,bot,20127,1167451,667064,1167451,358534,94141,3867114,21274984,2675802,214989,
2026-02-21,42679603,false,bot,20677,1109004,601339,1109004,345437,77185,3427214,19123025,2466123,227064,
2026-02-22,42701139,false,bot,21536,1132879,607279,1132879,354548,80497,3535292,19779704,2618683,247555,
2026-02-23,42722701,true,interp,21562,1155139,650275,1155139,371217,76371,3871092,20669120,2634777,242708,
2026-02-24,42741393,true,interp,18692,1156498,650334,1156498,358195,71372,3752001,20452930,2398420,223745,
2026-02-25,42760085,true,interp,18692,1169969,655674,1169969,357918,71793,3874246,21664262,2185193,211814,
2026-02-26,42778777,true,interp,18692,1133084,643651,1133084,346989,70995,3715063,19845434,2236470,230472,
2026-02-27,42797469,true,interp,18692,1140854,661809,1140854,342022,63610,3954201,20598580,1959737,200570,
2026-02-28,42817313,false,bot,19844,1154435,630209,1154435,341767,67952,3789955,21976376,2038682,227874,
2026-03-01,42841185,false,bot,23872,1148846,611234,1148846,350655,67595,3564007,20800489,2095714,237425,
2026-03-02,42867989,false,bot,26804,1169742,644374,1169742,364533,67682,3770848,21225402,2064037,219365,
2026-03-03,42891808,false,bot,23819,1164823,654380,1164823,359423,63247,3854373,21196356,2093275,197271,
2026-03-04,42912444,false,bot,20636,1159339,655171,1159339,354467,64034,3901798,21618854,2091510,204824,
2026-03-05,42932270,false,bot,19826,1156001,659853,1156001,342527,59649,3936407,21166695,1964497,181164,
2026-03-06,42951592,false,bot,19322,1143039,654750,1143039,341304,58658,3845586,20528148,1979601,176436,
2026-03-07,42970867,false,elaval,19275,1091961,594788,1091961,327872,64024,3506518,19270139,1943987,223867,
2026-03-08,42990926,false,elaval,20059,1107582,598602,1107582,336588,70319,3458784,19729141,2011794,247580,
2026-03-09,43011217,false,bot,20291,1131050,629295,1131050,341191,66823,3615339,20293464,2019170,215348,
2026-03-10,43030487,false,bot,19270,1124808,640038,1124808,336763,59790,3697489,19589480,1842565,187639,
2026-03-11,43050046,false,bot,19559,1129712,641400,1129712,335904,59378,3774427,20151621,1810035,187827,
2026-03-12,43069626,false,bot,19580,1122288,635307,1122288,333659,64338,3735940,19775674,1895898,207128,
2026-03-13,43088621,false,bot,18995,1103511,639336,1103511,331449,75661,3788477,19562166,1717674,228630,
2026-03-14,43108055,false,bot,19434,1076518,586898,1076518,321567,61700,3458081,18618158,1805599,203004,
2026-03-15,43127458,false,bot,19403,1088402,585309,1088402,323132,66583,3430158,18784619,1849837,211364,
2026-03-16,43149775,false,bot,22317,1132589,633112,1132589,330175,75242,3818377,20780069,1762884,223777,
2026-03-17,43172871,false,elaval,23096,1127768,641905,1127768,345143,75092,3759069,20109554,1885536,223817,
2026-03-18,43195227,false,bot,22356,1143983,652856,1143983,342381,71708,3775005,20134576,1792789,203941,
2026-03-19,43219002,false,bot,23775,1115325,635652,1115325,332359,69172,3754557,19568891,1773890,203308,
2026-03-20,43239190,false,bot,20188,1122288,644757,1122288,329293,67795,3771563,20147252,1737422,273623,
2026-03-21,43258603,false,bot,19413,1084913,586324,1084913,312229,68220,3465087,19546983,1790124,236063,
2026-03-22,43278564,false,bot,19961,1093369,583257,1093369,322798,77503,3471119,19994491,1877596,257781,
2026-03-23,43298271,false,elaval,19707,1123270,625598,1123270,333688,71752,3738854,20805322,1853280,233948,
2026-03-24,43318248,false,elaval,19977,1118776,632608,1118776,337366,73066,3721787,20563030,1829545,255150,
2026-03-25,43338224,false,bot,19976,1128608,631917,1128608,333792,62326,3683183,20861396,1827152,218302,
2026-03-26,43357239,false,bot,19015,1133492,642973,1133492,333739,59698,3760577,20467825,1834648,207098,
2026-03-27,43376609,false,bot,19370,1129508,640393,1129508,325059,62914,3786931,20530045,1781022,210267,
2026-03-28,43396149,false,bot,19540,1088981,596852,1088981,319285,61542,3447149,20688368,1856811,204989,
2026-03-29,43414911,false,bot,18762,1111375,578907,1111375,321426,139939,3360279,20814996,1902461,321929,
2026-03-30,43433724,false,bot,18813,1116475,616124,1116475,325691,104967,3589296,19981468,1881099,336326,
2026-03-31,43453741,false,bot,20017,1121948,644811,1121948,326522,76081,3879895,20899133,1918837,273520,
2026-04-01,43473317,false,bot,19576,1138884,665920,1138884,334583,63040,3952310,21591747,1906530,250423,
2026-04-02,43492490,false,bot,19173,1128639,633875,1128639,332030,60786,3757426,21531538,1872097,223230,
2026-04-03,43510955,false,bot,18465,1102189,609091,1102189,334833,63928,3583776,20420401,1952541,237338,
2026-04-04,43530074,false,bot,19119,1085792,578175,1085792,317084,64186,3494649,19428701,1912640,238744,
2026-04-05,43550333,false,bot,20259,1109453,587403,1109453,324820,64012,3425276,20795185,1995604,292138,
2026-04-06,43571142,false,bot,20809,1099291,588176,1099291,332249,71843,3301230,19846350,2003027,229541,
2026-04-07,43591511,false,bot,20369,1174990,646823,1174990,351808,76074,4018320,24159575,2004338,351514,
2026-04-08,43613222,false,bot,21711,1140660,627880,1140660,345237,66801,3795350,21995593,2092505,245099,
2026-04-09,43636733,false,bot,23511,1120147,625101,1120147,347361,67804,3759144,21134353,2163865,243988,
2026-04-10,43658485,false,bot,21752,1119543,626976,1119543,340079,72451,3781362,20855599,2017127,246476,
2026-04-11,43679900,false,bot,21415,1093888,584732,1093888,330408,71086,3439959,20456441,1989636,245369,
2026-04-12,43703993,false,bot,24093,1125439,589356,1125439,344416,68271,3544173,21877262,2185818,248408,
2026-04-13,43721687,true,interp,17694,,199216,463028,87887,16437,718406,4871707,481218,50868,likers|posters|followers|blockers|posts|likes|follows|blocks
2026-04-14,43738549,true,interp,16862,,985,54,20,6,5640,334,130,6,likers|posters|followers|blockers|posts|likes|follows|blocks
2026-04-15,43755411,true,interp,16862,,575109,1058720,308276,58490,3138331,18100329,2043520,187652,likers|posters|followers|blockers|posts|likes|follows|blocks
2026-04-16,43772274,true,interp,16863,951826,542205,951826,246418,42007,2745287,13901518,1126617,106025,
2026-04-17,43789136,true,interp,16862,1096484,612626,1096484,330010,61576,3562493,20180235,2106220,201820,
2026-04-18,43805999,true,interp,16863,1050215,545890,1050215,308262,58014,3077282,18714033,1999580,185699,
2026-04-19,43822861,true,interp,16862,1062112,548302,1062112,317564,61352,3117283,19087186,2079401,210250,
2026-04-20,43839724,true,interp,16863,1080375,583570,1080375,326203,58729,3262886,19301528,1987838,225417,
2026-04-21,43856586,true,interp,16862,1079342,590396,1079342,324994,56713,3337128,19144483,1904258,186789,
2026-04-22,43873448,true,interp,16862,1095866,606966,1095866,326927,61911,3502555,20524710,2074250,236774,
2026-04-23,43890311,true,interp,16863,1080671,595977,1080671,323165,58284,3419308,19679168,2056623,209724,
2026-04-24,43907173,true,interp,16862,1066965,595405,1066965,315484,68564,3471758,19309315,1861504,214057,
2026-04-25,43924059,false,bot,16886,1036612,551467,1036612,314428,87319,3208938,18118357,1883753,227766,
2026-04-26,43943319,false,bot,19260,1076412,573038,1076412,305661,85326,3466712,20957544,1933858,241785,
2026-04-27,43962286,false,bot,18967,1071843,595932,1071843,313024,59086,3461549,19440315,1897019,198447,
2026-04-28,43980902,false,bot,18616,1069780,608015,1069780,308248,54023,3571599,19244308,1866382,178853,
2026-04-29,43999169,false,bot,18267,1067082,613896,1067082,312434,55116,3589902,19442305,1968952,189589,
2026-04-30,44015860,false,bot,16691,1060782,607458,1060782,303416,59629,3664046,19276464,1789519,250455,
2026-05-01,44032311,false,bot,16451,1050739,603119,1050739,302491,63382,3579174,19037943,1765564,226038,
2026-05-02,44049203,false,bot,16892,1023124,560169,1023124,292471,62410,3300034,17968106,1737767,243488,
2026-05-03,44067095,true,interp,17892,1024714,552394,1024714,300318,56583,3247053,18187295,1886949,279306,
2026-05-04,44085706,false,bot,18611,1061228,599999,1061228,316673,65889,3499928,19280592,1946227,567581,
2026-05-05,44114689,false,bot,28983,1071311,605236,1071311,330002,67841,3546086,19520910,1943249,967721,
2026-05-06,44137530,false,bot,22841,1067576,611458,1067576,323110,66109,3661703,19658953,1945833,904373,
2026-05-07,44156701,false,bot,19171,1068691,607647,1068691,312193,62523,3607530,19612787,1903916,752214,
2026-05-08,44174881,false,bot,18180,1061463,606986,1061463,306630,61167,3588654,19591143,1869885,536089,
2026-05-09,44192222,false,bot,17341,1021930,552287,1021930,292830,61838,3281109,17778405,1755034,460890,
2026-05-10,44209642,false,bot,17420,1027994,556673,1027994,290466,76016,3257063,18011375,1830239,591980,
2026-05-11,44227832,false,bot,18190,1049215,589602,1049215,302664,66303,3432630,18741974,2018828,394303,
2026-05-12,44245881,false,bot,18049,1046963,595753,1046963,305792,64973,3618220,19061888,1964331,299153,
2026-05-13,44263893,false,bot,18012,1050518,596465,1050518,307181,58893,3561906,18982017,1914039,321689,
2026-05-14,44282731,false,bot,18838,1043985,590141,1043985,304764,58190,3512689,19065940,2066133,317872,
2026-05-15,44299440,false,bot,16709,1037243,594084,1037243,303378,59035,3536355,18649759,1882566,279462,
2026-05-16,44316501,false,bot,17061,1014629,556450,1014629,290874,53406,3306428,17683695,1791909,207837,
2026-05-17,44335707,false,bot,19206,1029282,554829,1029282,308762,55812,3226185,18012220,1928741,269347,
2026-05-18,44356091,false,bot,20384,1032360,580479,1032360,303344,67692,3306381,18025590,2110517,230113,
2026-05-19,44377068,false,bot,20977,1090777,612097,1090777,321580,59298,3629765,19761432,1992422,247538,
2026-05-20,44397008,false,bot,19940,1079812,616744,1079812,317789,62166,3684510,20108390,2105610,267609,
2026-05-21,44415102,false,bot,18094,1065978,608551,1065978,309768,67419,3643016,19856596,2058704,317656,
2026-05-22,44432699,false,bot,17597,1049237,598897,1049237,300848,82300,3596404,19794652,2045658,362862,
2026-05-23,44449644,false,bot,16945,1005333,549459,1005333,283113,72648,3256086,17885631,2233479,360541,
2026-05-24,44467161,false,bot,17517,1024045,545471,1024045,299441,67146,3249182,18859191,2160887,296598,
2026-05-25,44485793,false,bot,18632,1037083,570853,1037083,332974,70955,3329154,18554064,2174747,364299,
2026-05-26,44503356,false,bot,17563,1044758,589602,1044758,303168,61812,3483998,18809414,2222007,306811,
2026-05-27,44521186,true,interp,17830,1047666,607525,1047666,307984,57775,3615144,19227242,1962948,239729,
2026-05-28,44537447,false,bot,16261,1045952,599243,1045952,302705,58972,3590447,19113121,2003729,222321,
2026-05-29,44554481,false,bot,17034,1034160,597896,1034160,298556,56461,3591752,18870125,1998578,241801,
2026-05-30,44571110,false,bot,16629,1004313,553027,1004313,283462,52904,3265006,17789330,1817516,234494,
2026-05-31,44588550,false,bot,17440,1018989,548663,1018989,295586,56633,3251734,18349119,1961101,240847,
2026-06-01,44606762,false,bot,18212,1057135,608561,1057135,304651,58393,3529959,19647833,2054969,235709,
2026-06-02,44626849,false,bot,20087,1058469,601984,1058469,307016,58058,3598307,19552385,2074028,233652,
2026-06-03,44645143,false,bot,18294,1053613,602208,1053613,305198,56997,3602512,19637252,1980875,228917,
2026-06-04,44662102,false,bot,16959,1059624,597063,1059624,298705,59016,3604397,19279229,2000365,239671,
2026-06-05,44679712,true,interp,17610,1046582,606704,1046582,296251,58672,3734436,19486731,1984172,229417,
2026-06-06,44696949,true,interp,17237,1013527,556021,1013527,284985,56028,3334901,18232635,1917307,284749,
2026-06-07,44713728,true,interp,16779,1021700,552517,1021700,293781,60351,3343238,18780831,2083801,287145,
2026-06-08,44730352,false,bot,16624,1048283,589746,1048283,304896,59375,3521097,19976223,2043338,241415,
2026-06-09,44748066,false,bot,17714,1070557,614507,1070557,303307,61641,3829788,20815761,2032103,272224,
2026-06-10,44764929,false,bot,16863,1050710,603694,1050710,303587,64993,3670847,20009881,1979011,276966,
2026-06-11,44782604,false,bot,17675,1063968,603368,1063968,304276,61474,3707795,20077863,1819891,224292,
2026-06-12,44801407,false,bot,18803,1076543,601362,1076543,301743,61138,3623194,19827190,2034626,222290,
2026-06-13,44818258,false,bot,16851,1035023,554850,1035023,287582,58161,3326183,19419555,1971416,257904,
2026-06-14,44836399,false,bot,18141,1046949,554968,1046949,295439,62401,3434704,20523285,1976539,270532,
2026-06-15,44857415,false,bot,21016,1061095,594184,1061095,307935,74878,3594921,21213280,2068665,258279,
2026-06-16,44884243,false,bot,26828,1052999,601075,1052999,311996,71004,3669814,20684261,2041348,240426,
2026-06-17,44904698,false,bot,20455,1050091,601499,1050091,302910,60155,3719877,20175597,1978420,188295,
2026-06-18,44922701,false,bot,18003,1046742,592912,1046742,297044,59569,3650015,19929577,2015372,246039,
2026-06-19,44941294,false,bot,18593,1045856,588567,1045856,293733,56372,3601628,20009842,2188862,288103,
2026-06-20,44962689,false,bot,21395,1030942,550418,1030942,297185,54715,3344379,19368933,2069006,301028,
2026-06-21,44982545,false,bot,19856,1034623,552394,1034623,297418,58219,3289971,19797446,2120939,324269,
2026-06-22,45002259,false,bot,19714,1068115,599516,1068115,309178,59412,3563852,20189429,1996168,370820,
2026-06-23,45021081,false,bot,18822,1047482,593976,1047482,305012,57989,3648608,19816818,1960692,232344,
2026-06-24,45039832,false,bot,18751,1047234,605711,1047234,305863,60595,3787793,20575584,1966888,253154,
2026-06-25,45057750,false,bot,17918,1040150,595095,1040150,304273,64118,3739899,19844788,1906081,243840,
2026-06-26,45075371,false,bot,17621,1048316,616823,1048316,296922,63621,3832699,19879932,1927909,314379,
2026-06-27,45092575,false,bot,17204,1002828,547576,1002828,289357,60609,3367532,18741946,1809398,253505,
2026-06-28,45109942,false,bot,17367,1015731,543301,1015731,290588,63220,3258120,18913622,1946114,289535,
2026-06-29,45127211,true,interp,17269,1037274,585232,1037274,298314,66287,3651676,19768929,1946540,290336,
2026-06-30,45145275,true,interp,18064,1043625,604492,1043625,292004,62934,3710006,20381320,1853775,206793,
2026-07-01,45163095,false,bot,17820,1054873,615293,1054873,299624,62222,3819732,20218909,1791841,211770,
2026-07-02,45179699,false,bot,16604,1048844,595309,1048844,309965,57785,3665286,20025787,1897363,240767,
2026-07-03,45196370,false,bot,16671,1004547,578705,1004547,290867,59823,3554873,18189793,1833094,188689,
2026-07-04,45213466,false,bot,17096,1014453,560059,1014453,285270,59216,3395728,19698385,1986134,191185,
2026-07-05,45231068,false,bot,17602,1043896,547423,1043896,296596,60904,3318131,20000131,1933134,200309,
2026-07-06,45247978,true,interp,16910,1065187,589535,1065187,303430,63749,3653724,20739079,2092383,245865,
2026-07-07,45267122,false,bot,19144,1072592,612066,1072592,307474,65465,3875497,22195461,2168142,268491,
2026-07-08,45284962,false,bot,17840,1042641,591604,1042641,304688,62225,3629719,20475167,2022656,236470,
2026-07-09,45302921,false,bot,17959,1051141,579907,1051141,306455,61178,3613794,19821880,1959837,340563,
2026-07-10,45328530,false,bot,25609,1038789,582081,1038789,308970,59253,3579900,19519608,2080546,219423,
2026-07-11,45351973,false,bot,23443,1008471,537879,1008471,290248,56070,3291087,18472926,1730820,255262,
2026-07-12,45371926,false,bot,19953,1051704,554360,1051704,297917,55866,3378586,21262351,1754704,200866,
2026-07-13,45391535,false,bot,19609,1049602,574680,1049602,302103,57104,3437134,19867407,1784501,208901,
2026-07-14,45411050,false,bot,19515,1046253,586170,1046253,309523,56252,3630246,20269518,2061177,190168,
2026-07-15,45429685,true,interp,18635,1050961,600792,1050961,298611,71142,3751313,21675651,3023232,353701,
2026-07-16,45448059,true,interp,18374,1014827,581232,1014827,289074,66583,3589979,19613059,1698433,249206,
2026-07-17,45466474,true,interp,18415,1039349,594287,1039349,294273,53927,3640328,20515140,1633886,220459,
2026-07-18,45485276,true,interp,18802,998307,546458,998307,289149,56264,3311655,18726187,1660070,206917,
2026-07-19,45503905,true,interp,18629,1027527,551901,1027527,294929,57362,3485968,20604850,1822056,213914,
2026-07-20,45523391,true,interp,19486,1042389,574503,1042389,304178,64260,3436246,20191987,1794720,245169,
2026-07-21,45543573,false,bot,20182,1024218,577090,1024218,305530,61077,3558927,19708048,1832576,302274,
2026-07-22,45562466,false,bot,18893,1020129,579275,1020129,302679,57255,3561407,19546016,1900595,279083,
2026-07-23,45580804,false,bot,18338,1007825,576186,1007825,296853,53499,3565368,19149590,1704983,192491,
2026-07-24,45598252,false,bot,17448,1018291,584229,1018291,291830,57268,3575255,19449063,1616756,220695,
2026-07-25,45615152,false,bot,16900,974883,529730,974883,277692,53500,3239056,18316276,1613124,296160,
2026-07-26,45632649,false,bot,17497,983813,526789,983813,290626,58425,3159895,18261587,1751100,456554,
2026-07-27,45650927,false,bot,18278,1010767,565722,1010767,300711,67814,3402466,18831794,1664826,541967,
2026-07-28,45669239,false,bot,18312,1007557,569626,1007557,298507,67123,3481507,19047743,1686780,444948,
2026-07-29,45686541,false,bot,17302,1016299,579083,1016299,300985,55848,3527641,19679108,1744790,381015,
2026-07-30,45703530,false,bot,16989,1008492,574801,1008492,298129,55941,3545303,19532075,1703770,369695,
2026-07-31,45720453,false,bot,16923,1000914,577468,1000914,292952,57322,3538585,19375844,1601590,289389,
2026-08-01,45736980,false,bot,16527,970534,534527,970534,284401,59484,3225731,18381606,1883056,252560,
2026-08-02,45754371,false,bot,17391,988844,531730,988844,297833,60780,3183852,18806671,1990176,269687,
2026-08-03,45773590,false,bot,19219,1016763,562698,1016763,307269,62604,3386558,19315182,1999925,271043,
2026-08-04,45793081,false,bot,19491,1003555,569939,1003555,302409,62445,3448988,19144905,2036466,241113,
2026-08-05,45811286,false,bot,18205,1006662,570891,1006662,305397,59767,3476770,19821567,1963731,211429,
2026-08-06,45832949,false,bot,21663,1009253,571983,1009253,300836,55288,3480895,19251237,2091192,179137,
2026-08-07,45850534,false,bot,17585,1001607,574593,1001607,300764,58577,3502167,19399463,2021553,184838,
2026-08-08,45867942,false,bot,17408,965327,524476,965327,284743,67097,3151185,18035228,2122775,201899,
2026-08-09,45885826,false,bot,17884,980320,518593,980320,297771,73629,3068653,18127858,2291278,287566,
2026-08-10,45904036,false,bot,18210,992875,558753,992875,304808,75823,3313393,18599950,2097586,290013,
2026-08-11,45922166,false,bot,18130,1001943,568660,1001943,304460,61679,3409283,18984785,2119158,980212,
2026-08-12,45940439,false,bot,18273,1006271,581028,1006271,299290,56738,3519549,19447527,2132667,1169198,
2026-08-13,45959223,false,bot,18784,1013630,573068,1013630,295708,60591,3461902,19008371,2178676,861119,
2026-08-14,45976359,false,bot,17136,1003122,575439,1003122,292381,58019,3504564,19137188,2144920,526884,
2026-08-15,45993038,false,bot,16679,957035,522768,957035,279834,60210,3144501,17859515,1897705,263120,
2026-08-16,46009857,true,interp,16819,904664,491771,904664,254988,62655,2822612,15481024,1511808,224281,
2026-08-17,46028201,false,bot,18344,1001251,565867,1001251,302679,71883,3360307,19157466,2070335,237564,
2026-08-18,46045837,true,interp,17636,998186,564525,998186,298666,66923,3369881,18888956,3231317,240624,
2026-08-19,46064212,false,bot,18375,994494,569411,994494,296472,65325,3440926,19040260,2693775,225882,
2026-08-20,46081535,false,bot,17323,986525,565185,986525,292273,61999,3472726,18819265,2579549,211225,
2026-08-21,46098796,false,bot,17261,977475,567825,977475,294331,63411,3486530,18875094,2281689,238420,
2026-08-22,46116022,false,bot,17226,960162,533415,960162,280401,57316,3194569,17907979,1994983,189535,
2026-08-23,46133120,false,bot,17098,963933,523142,963933,292313,69258,3156232,18379604,1974575,224043,
2026-08-24,46151458,false,bot,18338,996596,563503,996596,303307,64285,3357002,18874121,1937340,224706,
2026-08-25,46169526,false,bot,18068,1018729,582852,1018729,300943,55867,3465544,20323421,1779338,207297,
2026-08-26,46190543,false,bot,21017,1024974,582020,1024974,287158,55384,3418263,20405547,1693745,244081,
2026-08-27,46208114,false,bot,17571,1004226,574680,1004226,288885,56238,3450538,19381289,1715316,230193,
2026-08-28,46225451,false,bot,17337,990822,572294,990822,287535,56804,3438057,19046460,1754891,209971,
2026-08-29,46241969,false,bot,16518,957112,529843,957112,275778,55813,3140696,17782861,1731532,230310,
2026-08-30,46260545,false,bot,18576,963959,522444,963959,370689,57996,3108663,17969516,1949050,243850,
2026-08-31,46276884,false,bot,16339,993728,564050,993728,290492,57443,3340178,18778583,1798294,239879,
2026-09-01,46293437,false,bot,16553,992459,575462,992459,290250,53727,3452107,18819499,1759736,234469,
2026-09-02,46310226,false,bot,16789,989409,574910,989409,288253,54456,3445347,18683551,1816069,458584,
2026-09-03,46327062,false,bot,16836,993632,569670,993632,287637,52272,3435321,18779675,1696613,275570,
2026-09-04,46343011,false,bot,15949,981413,572622,981413,279115,50834,3436792,18612552,1754806,197916,
2026-09-05,46359310,false,bot,16299,950333,525674,950333,272716,51924,3104961,17646934,1784341,196881,
2026-09-06,46375766,false,bot,16456,961733,522256,961733,293378,53222,3109715,18323310,1758827,211519,
2026-09-07,46393393,false,bot,17627,988161,540870,988161,284720,69324,3218591,19161251,1918428,290149,
2026-09-08,46410335,false,bot,16942,1000962,574217,1000962,286652,72466,3507262,19251688,1860840,239795,
2026-09-09,46426146,false,bot,15811,1007436,585290,1007436,285582,55452,3607178,19607441,1794301,192678,
2026-09-10,46441987,false,bot,15841,993920,581028,993920,284268,53067,3519630,19872907,1850324,207935,
2026-09-11,46457854,false,bot,15867,990046,570748,990046,284009,76512,3556129,19516526,1870345,242478,
2026-09-12,46473648,false,bot,15794,960085,527025,960085,271078,56055,3181552,18132060,1761033,223120,
2026-09-13,46490621,false,bot,16973,966757,529469,966757,285218,65852,3353188,18937022,1813409,273935,
2026-09-14,46507257,false,bot,16636,981563,557136,981563,289450,54316,3304679,18997228,1817482,253860,
2026-09-15,46523588,false,bot,16331,993537,574271,993537,287930,52585,3473685,19677049,1766532,253816,
2026-09-16,46539626,false,bot,16038,994719,575283,994719,290961,52046,3459469,19570376,1769513,259291,
2026-09-17,46556219,false,bot,16593,987030,570250,987030,283638,55304,3447818,19360960,1753849,286602,
2026-09-18,46574339,false,bot,18120,982606,571696,982606,277593,55628,3494309,19045916,1736450,204216,
2026-09-19,46593774,false,bot,19435,955698,526221,955698,271248,55446,3139644,18003353,1694619,225531,
2026-09-20,46613587,false,bot,19813,963880,522715,963880,284534,73825,3158871,18534699,1837368,310671,
2026-09-21,46633194,false,bot,19607,987559,564704,987559,290151,57773,3280674,18919034,1889149,232401,
2026-09-22,46651780,false,bot,18586,984387,573796,984387,291122,50650,3379879,19275664,1876998,211401,
2026-09-23,46669926,false,bot,18146,985451,572243,985451,287761,59465,3424614,19260574,1755261,266886,
2026-09-24,46686899,false,bot,16973,977919,566294,977919,281014,56500,3408482,18830723,1848778,241087,
2026-09-25,46702470,false,bot,15571,974796,571904,974796,276241,63300,3435349,18780281,1836579,222321,
2026-09-26,46719059,false,bot,16589,942535,523203,942535,272372,50003,3065350,17481383,1729226,202286,
2026-09-27,46737255,false,bot,18196,956111,523648,956111,284401,52189,3145103,17996175,2067322,210022,
2026-09-28,46753663,false,bot,16408,973059,555738,973059,282405,55952,3248381,18242216,2034159,236569,
2026-09-29,46769373,false,bot,15710,981692,563292,981692,278487,72799,3380662,18917743,1908616,273617,
2026-09-30,46784967,false,bot,15594,982624,577449,982624,282014,81177,3495698,19365019,2014127,271382,
2026-10-01,46800574,false,bot,15607,994754,589282,994754,291122,107017,3536107,19296123,2690502,402813,
2026-10-02,46816697,false,bot,16123,993674,582464,993674,288521,98552,3475596,19521239,2658020,331651,
2026-10-03,46832369,false,bot,15672,950680,532930,950680,274906,103276,3147364,18139242,2540698,358646,
2026-10-04,46848562,false,bot,16193,960641,532722,960641,280587,78429,3188912,18851475,2579155,321632,
2026-10-05,46865258,false,bot,16696,985915,570830,985915,287486,62685,3347923,19337540,1961427,294447,
2026-10-06,46881053,false,bot,15795,999342,577820,999342,283160,56817,3455713,19698399,1812341,266955,
2026-10-07,46897061,false,bot,16008,988944,576883,988944,279824,56571,3445324,19903985,1702211,301046,
2026-10-08,46912895,false,bot,15834,989325,579794,989325,278215,60331,3493355,19910227,1751661,278692,
